id,Elevation,dist_m,dist_km,RMSh,RMSs,pc,pc_pn,pn
0,-2527,0,0,1.570236087,0.668914974,68.24676514,-1.370078802,69.61683655
1,-2528,519,0.519,1.570236087,0.668914974,68.24676514,-1.370078802,69.61683655
2,-2527,1164,1.164,1.570236087,0.668914974,68.24676514,-1.370078802,69.61683655
3,-2530,1810,1.81,1.570236087,0.668914974,68.24676514,-1.370078802,69.61683655
4,-2531,2455,2.455,1.570236087,0.668914974,68.24676514,-1.370078802,69.61683655
5,-2533,3100,3.1,1.570236087,0.668914974,68.24676514,-1.370078802,69.61683655
6,-2535,3439,3.439,1.570236087,0.668914974,68.24676514,-1.370078802,69.61683655
7,-2536,4085,4.085,1.570236087,0.668914974,68.24676514,-1.370078802,69.61683655
8,-2536,4730,4.73,1.570236087,0.668914974,68.24676514,-1.370078802,69.61683655
9,-2536,5375,5.375,1.570236087,0.668914974,68.24676514,-1.370078802,69.61683655
10,-2536,6020,6.02,1.543953061,0.592150807,68.52629852,-1.547439814,70.0737381
11,-2536,6665,6.665,1.543953061,0.592150807,68.52629852,-1.547439814,70.0737381
12,-2534,7311,7.311,1.543953061,0.592150807,68.52629852,-1.547439814,70.0737381
13,-2533,7956,7.956,1.543953061,0.592150807,68.52629852,-1.547439814,70.0737381
14,-2533,8601,8.601,1.535406232,0.620742977,68.63295746,-1.222330928,69.85528564
15,-2534,9246,9.246,1.535406232,0.620742977,68.63295746,-1.222330928,69.85528564
16,-2533,9586,9.586,1.535406232,0.620742977,68.63295746,-1.222330928,69.85528564
17,-2534,10231,10.231,1.535406232,0.620742977,68.63295746,-1.222330928,69.85528564
18,-2536,10876,10.876,1.535406232,0.620742977,68.63295746,-1.222330928,69.85528564
19,-2537,11522,11.522,1.535406232,0.620742977,68.63295746,-1.222330928,69.85528564
20,-2537,12167,12.167,1.535406232,0.620742977,68.63295746,-1.222330928,69.85528564
21,-2541,12812,12.812,1.535406232,0.620742977,68.63295746,-1.222330928,69.85528564
22,-2542,13457,13.457,1.535406232,0.620742977,68.63295746,-1.222330928,69.85528564
23,-2544,14103,14.103,1.535406232,0.620742977,68.63295746,-1.222330928,69.85528564
24,-2545,14748,14.748,1.535406232,0.620742977,68.63295746,-1.222330928,69.85528564
25,-2548,15393,15.393,1.535406232,0.620742977,68.63295746,-1.222330928,69.85528564
26,-2549,15733,15.733,1.535406232,0.620742977,68.63295746,-1.222330928,69.85528564
27,-2548,16378,16.378,1.513809204,0.559921265,68.82814789,-1.487371325,70.31551361
28,-2547,17024,17.024,1.513809204,0.559921265,68.82814789,-1.487371325,70.31551361
29,-2547,17669,17.669,1.570916533,0.6553455,68.25640106,-1.391625166,69.64802551
30,-2551,18314,18.314,1.570916533,0.6553455,68.25640106,-1.391625166,69.64802551
31,-2554,18960,18.96,1.570916533,0.6553455,68.25640106,-1.391625166,69.64802551
32,-2557,19605,19.605,1.570916533,0.6553455,68.25640106,-1.391625166,69.64802551
33,-2558,20250,20.25,1.570916533,0.6553455,68.25640106,-1.391625166,69.64802551
34,-2559,20896,20.896,1.570916533,0.6553455,68.25640106,-1.391625166,69.64802551
35,-2562,21541,21.541,1.570916533,0.6553455,68.25640106,-1.391625166,69.64802551
36,-2564,22186,22.186,1.570916533,0.6553455,68.25640106,-1.391625166,69.64802551
37,-2564,22526,22.526,1.570916533,0.6553455,68.25640106,-1.391625166,69.64802551
38,-2565,23171,23.171,1.570916533,0.6553455,68.25640106,-1.391625166,69.64802551
39,-2564,23817,23.817,1.570916533,0.6553455,68.25640106,-1.391625166,69.64802551
40,-2566,24462,24.462,1.570916533,0.6553455,68.25640106,-1.391625166,69.64802551
41,-2566,25108,25.108,1.570916533,0.6553455,68.25640106,-1.391625166,69.64802551
42,-2567,25753,25.753,1.570916533,0.6553455,68.25640106,-1.391625166,69.64802551
43,-2569,26399,26.399,1.465532303,0.525604904,69.04956055,-1.200219512,70.24977875
44,-2572,27044,27.044,1.560701489,0.657537401,68.22711182,-1.241031528,69.46814728
45,-2573,27689,27.689,1.560701489,0.657537401,68.22711182,-1.241031528,69.46814728
46,-2573,28335,28.335,1.560701489,0.657537401,68.22711182,-1.241031528,69.46814728
47,-2573,28675,28.675,1.560701489,0.657537401,68.22711182,-1.241031528,69.46814728
48,-2574,29320,29.32,1.560701489,0.657537401,68.22711182,-1.241031528,69.46814728
49,-2574,29966,29.966,1.560701489,0.657537401,68.22711182,-1.241031528,69.46814728
50,-2577,30611,30.611,1.560701489,0.657537401,68.22711182,-1.241031528,69.46814728
51,-2579,31257,31.257,1.560701489,0.657537401,68.22711182,-1.241031528,69.46814728
52,-2582,31902,31.902,1.560701489,0.657537401,68.22711182,-1.241031528,69.46814728
53,-2583,32548,32.548,1.560701489,0.657537401,68.22711182,-1.241031528,69.46814728
54,-2584,33193,33.193,1.560701489,0.657537401,68.22711182,-1.241031528,69.46814728
55,-2584,33839,33.839,1.560701489,0.657537401,68.22711182,-1.241031528,69.46814728
56,-2585,34484,34.484,1.560701489,0.657537401,68.22711182,-1.241031528,69.46814728
57,-2585,35130,35.13,1.560701489,0.657537401,68.22711182,-1.241031528,69.46814728
58,-2585,35469,35.469,1.560701489,0.657537401,68.22711182,-1.241031528,69.46814728
59,-2583,36115,36.115,1.637505054,0.836746752,67.57892609,-0.703567445,68.28249359
60,-2582,36761,36.761,1.550853133,0.722493112,68.26777649,-0.549673557,68.81745148
61,-2581,37406,37.406,1.550853133,0.722493112,68.26777649,-0.549673557,68.81745148
62,-2581,38052,38.052,1.550853133,0.722493112,68.26777649,-0.549673557,68.81745148
63,-2583,38697,38.697,1.550853133,0.722493112,68.26777649,-0.549673557,68.81745148
64,-2583,39343,39.343,1.550853133,0.722493112,68.26777649,-0.549673557,68.81745148
65,-2587,39989,39.989,1.550853133,0.722493112,68.26777649,-0.549673557,68.81745148
66,-2584,40634,40.634,1.550853133,0.722493112,68.26777649,-0.549673557,68.81745148
67,-2583,41280,41.28,1.550853133,0.722493112,68.26777649,-0.549673557,68.81745148
68,-2582,41620,41.62,1.550853133,0.722493112,68.26777649,-0.549673557,68.81745148
69,-2579,42265,42.265,1.550853133,0.722493112,68.26777649,-0.549673557,68.81745148
70,-2577,42911,42.911,1.550853133,0.722493112,68.26777649,-0.549673557,68.81745148
71,-2577,43556,43.556,1.550853133,0.722493112,68.26777649,-0.549673557,68.81745148
72,-2578,44202,44.202,1.550853133,0.722493112,68.26777649,-0.549673557,68.81745148
73,-2580,44848,44.848,1.550853133,0.722493112,68.26777649,-0.549673557,68.81745148
74,-2583,45493,45.493,1.661620259,0.871706665,67.35879517,-0.693831742,68.05262756
75,-2583,46139,46.139,1.661620259,0.871706665,67.35879517,-0.693831742,68.05262756
76,-2582,46785,46.785,1.608740449,0.828641832,67.71739197,-0.459007442,68.17639923
77,-2586,47430,47.43,1.608740449,0.828641832,67.71739197,-0.459007442,68.17639923
78,-2586,47770,47.77,1.608740449,0.828641832,67.71739197,-0.459007442,68.17639923
79,-2582,48416,48.416,1.608740449,0.828641832,67.71739197,-0.459007442,68.17639923
80,-2583,49062,49.062,1.608740449,0.828641832,67.71739197,-0.459007442,68.17639923
81,-2583,49707,49.707,1.608740449,0.828641832,67.71739197,-0.459007442,68.17639923
82,-2585,50353,50.353,1.608740449,0.828641832,67.71739197,-0.459007442,68.17639923
83,-2581,50999,50.999,1.608740449,0.828641832,67.71739197,-0.459007442,68.17639923
84,-2581,51645,51.645,1.608740449,0.828641832,67.71739197,-0.459007442,68.17639923
85,-2580,52290,52.29,1.608740449,0.828641832,67.71739197,-0.459007442,68.17639923
86,-2580,52936,52.936,1.608740449,0.828641832,67.71739197,-0.459007442,68.17639923
87,-2582,53582,53.582,1.608740449,0.828641832,67.71739197,-0.459007442,68.17639923
88,-2581,54228,54.228,1.608740449,0.828641832,67.71739197,-0.459007442,68.17639923
89,-2580,54567,54.567,1.720946074,0.985529244,66.78469849,-0.663769841,67.44846344
90,-2583,55213,55.213,1.720946074,0.985529244,66.78469849,-0.663769841,67.44846344
91,-2587,55859,55.859,1.720946074,0.985529244,66.78469849,-0.663769841,67.44846344
92,-2585,56505,56.505,1.720946074,0.985529244,66.78469849,-0.663769841,67.44846344
93,-2587,57151,57.151,1.714517117,0.961524606,66.77722168,-0.853469074,67.6306839
94,-2587,57796,57.796,1.714517117,0.961524606,66.77722168,-0.853469074,67.6306839
95,-2587,58442,58.442,1.714517117,0.961524606,66.77722168,-0.853469074,67.6306839
96,-2587,59088,59.088,1.714517117,0.961524606,66.77722168,-0.853469074,67.6306839
97,-2589,59734,59.734,1.714517117,0.961524606,66.77722168,-0.853469074,67.6306839
98,-2583,60380,60.38,1.714517117,0.961524606,66.77722168,-0.853469074,67.6306839
99,-2577,60720,60.72,1.714517117,0.961524606,66.77722168,-0.853469074,67.6306839
100,-2576,61365,61.365,1.714517117,0.961524606,66.77722168,-0.853469074,67.6306839
101,-2564,62011,62.011,1.714517117,0.961524606,66.77722168,-0.853469074,67.6306839
102,-2558,62657,62.657,1.714517117,0.961524606,66.77722168,-0.853469074,67.6306839
103,-2557,63303,63.303,1.714517117,0.961524606,66.77722168,-0.853469074,67.6306839
104,-2558,63949,63.949,1.727169156,0.948370755,66.73662567,-0.981187642,67.71781158
105,-2563,64595,64.595,1.727169156,0.948370755,66.73662567,-0.981187642,67.71781158
106,-2570,65241,65.241,1.727169156,0.948370755,66.73662567,-0.981187642,67.71781158
107,-2575,65886,65.886,1.727169156,0.948370755,66.73662567,-0.981187642,67.71781158
108,-2587,66532,66.532,1.727169156,0.948370755,66.73662567,-0.981187642,67.71781158
109,-2587,66872,66.872,1.727169156,0.948370755,66.73662567,-0.981187642,67.71781158
110,-2596,67518,67.518,1.712525845,0.986647487,66.9324646,-0.484568149,67.41703796
111,-2598,68164,68.164,1.712525845,0.986647487,66.9324646,-0.484568149,67.41703796
112,-2597,68810,68.81,1.712525845,0.986647487,66.9324646,-0.484568149,67.41703796
113,-2594,69456,69.456,1.712525845,0.986647487,66.9324646,-0.484568149,67.41703796
114,-2589,70102,70.102,1.712525845,0.986647487,66.9324646,-0.484568149,67.41703796
115,-2589,70102,70.102,1.712525845,0.986647487,66.9324646,-0.484568149,67.41703796
116,-2558,70791,70.791,1.712525845,0.986647487,66.9324646,-0.484568149,67.41703796
117,-2525,71165,71.165,1.712525845,0.986647487,66.9324646,-0.484568149,67.41703796
118,-2529,71803,71.803,1.712525845,0.986647487,66.9324646,-0.484568149,67.41703796
119,-2559,72440,72.44,1.712525845,0.986647487,66.9324646,-0.484568149,67.41703796
120,-2569,73078,73.078,1.712525845,0.986647487,66.9324646,-0.484568149,67.41703796
121,-2582,73452,73.452,1.712525845,0.986647487,66.9324646,-0.484568149,67.41703796
122,-2600,74090,74.09,1.70872128,0.946549118,66.92295837,-0.812366843,67.73532867
123,-2607,74727,74.727,1.70872128,0.946549118,66.92295837,-0.812366843,67.73532867
124,-2611,75365,75.365,1.70872128,0.946549118,66.92295837,-0.812366843,67.73532867
125,-2611,75739,75.739,1.70872128,0.946549118,66.92295837,-0.812366843,67.73532867
126,-2613,76377,76.377,1.705023527,0.970319867,66.95996094,-0.639565766,67.59953308
127,-2613,77015,77.015,1.705023527,0.970319867,66.95996094,-0.639565766,67.59953308
128,-2615,77388,77.388,1.705023527,0.970319867,66.95996094,-0.639565766,67.59953308
129,-2616,78026,78.026,1.705023527,0.970319867,66.95996094,-0.639565766,67.59953308
130,-2615,78664,78.664,1.705023527,0.970319867,66.95996094,-0.639565766,67.59953308
131,-2611,79302,79.302,1.705023527,0.970319867,66.95996094,-0.639565766,67.59953308
132,-2613,79675,79.675,1.705023527,0.970319867,66.95996094,-0.639565766,67.59953308
133,-2614,80313,80.313,1.705023527,0.970319867,66.95996094,-0.639565766,67.59953308
134,-2613,80951,80.951,1.705023527,0.970319867,66.95996094,-0.639565766,67.59953308
135,-2614,81589,81.589,1.705023527,0.970319867,66.95996094,-0.639565766,67.59953308
136,-2614,81963,81.963,1.705023527,0.970319867,66.95996094,-0.639565766,67.59953308
137,-2614,82601,82.601,1.705023527,0.970319867,66.95996094,-0.639565766,67.59953308
138,-2614,83238,83.238,1.705023527,0.970319867,66.95996094,-0.639565766,67.59953308
139,-2614,83612,83.612,1.705023527,0.970319867,66.95996094,-0.639565766,67.59953308
140,-2614,84250,84.25,1.705023527,0.970319867,66.95996094,-0.639565766,67.59953308
141,-2614,84888,84.888,1.681636214,1.035732031,67.19884491,0.223655835,66.97518921
142,-2614,85526,85.526,1.697008491,1.017865896,67.05261993,-0.030707927,67.08332825
143,-2613,85900,85.9,1.697008491,1.017865896,67.05261993,-0.030707927,67.08332825
144,-2614,86537,86.537,1.697008491,1.017865896,67.05261993,-0.030707927,67.08332825
145,-2614,87175,87.175,1.697008491,1.017865896,67.05261993,-0.030707927,67.08332825
146,-2613,87813,87.813,1.697008491,1.017865896,67.05261993,-0.030707927,67.08332825
147,-2613,88187,88.187,1.697008491,1.017865896,67.05261993,-0.030707927,67.08332825
148,-2615,88820,88.82,1.697008491,1.017865896,67.05261993,-0.030707927,67.08332825
149,-2615,88820,88.82,1.697008491,1.017865896,67.05261993,-0.030707927,67.08332825
150,-2616,89447,89.447,1.697008491,1.017865896,67.05261993,-0.030707927,67.08332825
151,-2616,89841,89.841,1.697008491,1.017865896,67.05261993,-0.030707927,67.08332825
152,-2617,90467,90.467,1.697008491,1.017865896,67.05261993,-0.030707927,67.08332825
153,-2618,90861,90.861,1.697008491,1.017865896,67.05261993,-0.030707927,67.08332825
154,-2618,91488,91.488,1.697008491,1.017865896,67.05261993,-0.030707927,67.08332825
155,-2618,92114,92.114,1.697008491,1.017865896,67.05261993,-0.030707927,67.08332825
156,-2618,92508,92.508,1.697008491,1.017865896,67.05261993,-0.030707927,67.08332825
157,-2618,93135,93.135,1.697008491,1.017865896,67.05261993,-0.030707927,67.08332825
158,-2618,93529,93.529,1.697008491,1.017865896,67.05261993,-0.030707927,67.08332825
159,-2618,94155,94.155,1.697008491,1.017865896,67.05261993,-0.030707927,67.08332825
160,-2618,94782,94.782,1.727681994,0.96115464,66.75637817,-0.65547967,67.4118576
161,-2618,95176,95.176,1.727681994,0.96115464,66.75637817,-0.65547967,67.4118576
162,-2617,95803,95.803,1.721475244,1.072135806,66.82615662,-0.007885225,66.83404541
163,-2617,96196,96.196,1.721475244,1.072135806,66.82615662,-0.007885225,66.83404541
164,-2616,96823,96.823,1.721475244,1.072135806,66.82615662,-0.007885225,66.83404541
165,-2616,97217,97.217,1.721475244,1.072135806,66.82615662,-0.007885225,66.83404541
166,-2617,97844,97.844,1.721475244,1.072135806,66.82615662,-0.007885225,66.83404541
167,-2619,98470,98.47,1.721475244,1.072135806,66.82615662,-0.007885225,66.83404541
168,-2619,98864,98.864,1.721475244,1.072135806,66.82615662,-0.007885225,66.83404541
169,-2619,99491,99.491,1.721475244,1.072135806,66.82615662,-0.007885225,66.83404541
170,-2619,99885,99.885,1.721475244,1.072135806,66.82615662,-0.007885225,66.83404541
171,-2620,100511,100.511,1.721475244,1.072135806,66.82615662,-0.007885225,66.83404541
172,-2620,101138,101.138,1.721475244,1.072135806,66.82615662,-0.007885225,66.83404541
173,-2621,101532,101.532,1.721475244,1.072135806,66.82615662,-0.007885225,66.83404541
174,-2621,102159,102.159,1.721475244,1.072135806,66.82615662,-0.007885225,66.83404541
175,-2621,102553,102.553,1.711039066,0.958581388,66.93570709,-0.658476472,67.59418488
176,-2620,103179,103.179,1.711039066,0.958581388,66.93570709,-0.658476472,67.59418488
177,-2620,103806,103.806,1.711039066,0.958581388,66.93570709,-0.658476472,67.59418488
178,-2621,104200,104.2,1.711039066,0.958581388,66.93570709,-0.658476472,67.59418488
179,-2621,104827,104.827,1.711039066,0.958581388,66.93570709,-0.658476472,67.59418488
180,-2622,105221,105.221,1.711039066,0.958581388,66.93570709,-0.658476472,67.59418488
181,-2623,105848,105.848,1.711039066,0.958581388,66.93570709,-0.658476472,67.59418488
182,-2625,106474,106.474,1.711039066,0.958581388,66.93570709,-0.658476472,67.59418488
183,-2625,106868,106.868,1.711039066,0.958581388,66.93570709,-0.658476472,67.59418488
184,-2625,107495,107.495,1.711039066,0.958581388,66.93570709,-0.658476472,67.59418488
185,-2626,107889,107.889,1.711039066,0.958581388,66.93570709,-0.658476472,67.59418488
186,-2626,108516,108.516,1.711039066,0.958581388,66.93570709,-0.658476472,67.59418488
187,-2627,109143,109.143,1.711468577,1.076455832,66.89459991,0.073159106,66.82144165
188,-2627,109537,109.537,1.711468577,1.076455832,66.89459991,0.073159106,66.82144165
189,-2627,110163,110.163,1.703701735,1.061239719,66.95306396,-0.043534901,66.99659729
190,-2627,110557,110.557,1.703701735,1.061239719,66.95306396,-0.043534901,66.99659729
191,-2627,111184,111.184,1.703701735,1.061239719,66.95306396,-0.043534901,66.99659729
192,-2627,111578,111.578,1.703701735,1.061239719,66.95306396,-0.043534901,66.99659729
193,-2627,112205,112.205,1.703701735,1.061239719,66.95306396,-0.043534901,66.99659729
194,-2628,112832,112.832,1.703701735,1.061239719,66.95306396,-0.043534901,66.99659729
195,-2630,113226,113.226,1.703701735,1.061239719,66.95306396,-0.043534901,66.99659729
196,-2631,113853,113.853,1.703701735,1.061239719,66.95306396,-0.043534901,66.99659729
197,-2632,114247,114.247,1.703701735,1.061239719,66.95306396,-0.043534901,66.99659729
198,-2632,114873,114.873,1.703701735,1.061239719,66.95306396,-0.043534901,66.99659729
199,-2632,115500,115.5,1.703701735,1.061239719,66.95306396,-0.043534901,66.99659729
200,-2633,115894,115.894,1.703701735,1.061239719,66.95306396,-0.043534901,66.99659729
201,-2633,116521,116.521,1.703701735,1.061239719,66.95306396,-0.043534901,66.99659729
202,-2633,116915,116.915,1.703701735,1.061239719,66.95306396,-0.043534901,66.99659729
203,-2634,117542,117.542,1.703701735,1.061239719,66.95306396,-0.043534901,66.99659729
204,-2634,118169,118.169,1.703471661,1.003679037,66.95877075,-0.495199978,67.45397186
205,-2635,118563,118.563,1.703471661,1.003679037,66.95877075,-0.495199978,67.45397186
206,-2636,119190,119.19,1.703471661,1.003679037,66.95877075,-0.495199978,67.45397186
207,-2636,119584,119.584,1.703471661,1.003679037,66.95877075,-0.495199978,67.45397186
208,-2636,120211,120.211,1.703471661,1.003679037,66.95877075,-0.495199978,67.45397186
209,-2634,120838,120.838,1.703471661,1.003679037,66.95877075,-0.495199978,67.45397186
210,-2634,121232,121.232,1.703471661,1.003679037,66.95877075,-0.495199978,67.45397186
211,-2633,121859,121.859,1.698421836,1.070922852,66.98719788,-0.101999886,67.08920288
212,-2634,122253,122.253,1.698421836,1.070922852,66.98719788,-0.101999886,67.08920288
213,-2635,122880,122.88,1.698421836,1.070922852,66.98719788,-0.101999886,67.08920288
214,-2636,123274,123.274,1.698421836,1.070922852,66.98719788,-0.101999886,67.08920288
215,-2637,123901,123.901,1.698421836,1.070922852,66.98719788,-0.101999886,67.08920288
216,-2638,124528,124.528,1.698421836,1.070922852,66.98719788,-0.101999886,67.08920288
217,-2638,124922,124.922,1.698421836,1.070922852,66.98719788,-0.101999886,67.08920288
218,-2638,125549,125.549,1.698421836,1.070922852,66.98719788,-0.101999886,67.08920288
219,-2637,125943,125.943,1.673218012,1.02661562,67.22537231,-0.04653357,67.27191162
220,-2638,126570,126.57,1.673218012,1.02661562,67.22537231,-0.04653357,67.27191162
221,-2637,127197,127.197,1.673218012,1.02661562,67.22537231,-0.04653357,67.27191162
222,-2638,127591,127.591,1.673218012,1.02661562,67.22537231,-0.04653357,67.27191162
223,-2640,128218,128.218,1.673218012,1.02661562,67.22537231,-0.04653357,67.27191162
224,-2640,128612,128.612,1.673218012,1.02661562,67.22537231,-0.04653357,67.27191162
225,-2641,129239,129.239,1.673218012,1.02661562,67.22537231,-0.04653357,67.27191162
226,-2641,129866,129.866,1.673218012,1.02661562,67.22537231,-0.04653357,67.27191162
227,-2641,130260,130.26,1.673218012,1.02661562,67.22537231,-0.04653357,67.27191162
228,-2641,130887,130.887,1.673218012,1.02661562,67.22537231,-0.04653357,67.27191162
229,-2642,131281,131.281,1.673218012,1.02661562,67.22537231,-0.04653357,67.27191162
230,-2642,131908,131.908,1.673218012,1.02661562,67.22537231,-0.04653357,67.27191162
231,-2641,132536,132.536,1.673218012,1.02661562,67.22537231,-0.04653357,67.27191162
232,-2642,132930,132.93,1.673218012,1.02661562,67.22537231,-0.04653357,67.27191162
233,-2642,133557,133.557,1.673218012,1.02661562,67.22537231,-0.04653357,67.27191162
234,-2643,133951,133.951,1.602874041,0.908126473,67.92694855,0.017377786,67.90956879
235,-2644,134578,134.578,1.602874041,0.908126473,67.92694855,0.017377786,67.90956879
236,-2644,135205,135.205,1.662457943,1.148215294,67.25370026,0.66429919,66.58940125
237,-2645,135599,135.599,1.662457943,1.148215294,67.25370026,0.66429919,66.58940125
238,-2644,136226,136.226,1.662457943,1.148215294,67.25370026,0.66429919,66.58940125
239,-2644,136620,136.62,1.662457943,1.148215294,67.25370026,0.66429919,66.58940125
240,-2644,137247,137.247,1.662457943,1.148215294,67.25370026,0.66429919,66.58940125
241,-2645,137641,137.641,1.662457943,1.148215294,67.25370026,0.66429919,66.58940125
242,-2645,138269,138.269,1.662457943,1.148215294,67.25370026,0.66429919,66.58940125
243,-2644,138896,138.896,1.662457943,1.148215294,67.25370026,0.66429919,66.58940125
244,-2644,139290,139.29,1.662457943,1.148215294,67.25370026,0.66429919,66.58940125
245,-2643,139917,139.917,1.662457943,1.148215294,67.25370026,0.66429919,66.58940125
246,-2644,140311,140.311,1.662457943,1.148215294,67.25370026,0.66429919,66.58940125
247,-2644,140938,140.938,1.662457943,1.148215294,67.25370026,0.66429919,66.58940125
248,-2644,141566,141.566,1.662457943,1.148215294,67.25370026,0.66429919,66.58940125
249,-2645,141960,141.96,1.621145248,0.982293963,67.67592621,0.207780898,67.46814728
250,-2645,142587,142.587,1.621145248,0.982293963,67.67592621,0.207780898,67.46814728
251,-2644,142981,142.981,1.621145248,0.982293963,67.67592621,0.207780898,67.46814728
252,-2644,143608,143.608,1.621145248,0.982293963,67.67592621,0.207780898,67.46814728
253,-2643,144235,144.235,1.621145248,0.982293963,67.67592621,0.207780898,67.46814728
254,-2643,144629,144.629,1.621145248,0.982293963,67.67592621,0.207780898,67.46814728
255,-2643,145257,145.257,1.621145248,0.982293963,67.67592621,0.207780898,67.46814728
256,-2643,145651,145.651,1.621145248,0.982293963,67.67592621,0.207780898,67.46814728
257,-2643,146278,146.278,1.621145248,0.982293963,67.67592621,0.207780898,67.46814728
258,-2643,146905,146.905,1.621145248,0.982293963,67.67592621,0.207780898,67.46814728
259,-2643,147299,147.299,1.621145248,0.982293963,67.67592621,0.207780898,67.46814728
260,-2644,147927,147.927,1.621145248,0.982293963,67.67592621,0.207780898,67.46814728
261,-2644,148321,148.321,1.621145248,0.982293963,67.67592621,0.207780898,67.46814728
262,-2644,148948,148.948,1.675575852,1.147525668,67.13499451,0.679658771,66.45533752
263,-2644,149576,149.576,1.675575852,1.147525668,67.13499451,0.679658771,66.45533752
264,-2644,149970,149.97,1.669806719,0.987815201,67.20963287,-0.269570798,67.47920227
265,-2644,150597,150.597,1.669806719,0.987815201,67.20963287,-0.269570798,67.47920227
266,-2643,150991,150.991,1.669806719,0.987815201,67.20963287,-0.269570798,67.47920227
267,-2642,151618,151.618,1.669806719,0.987815201,67.20963287,-0.269570798,67.47920227
268,-2641,152012,152.012,1.669806719,0.987815201,67.20963287,-0.269570798,67.47920227
269,-2641,152640,152.64,1.669806719,0.987815201,67.20963287,-0.269570798,67.47920227
270,-2640,153267,153.267,1.669806719,0.987815201,67.20963287,-0.269570798,67.47920227
271,-2639,153661,153.661,1.669806719,0.987815201,67.20963287,-0.269570798,67.47920227
272,-2639,154289,154.289,1.669806719,0.987815201,67.20963287,-0.269570798,67.47920227
273,-2638,154683,154.683,1.669806719,0.987815201,67.20963287,-0.269570798,67.47920227
274,-2639,155310,155.31,1.669806719,0.987815201,67.20963287,-0.269570798,67.47920227
275,-2639,155938,155.938,1.669806719,0.987815201,67.20963287,-0.269570798,67.47920227
276,-2639,156332,156.332,1.669806719,0.987815201,67.20963287,-0.269570798,67.47920227
277,-2638,156959,156.959,1.669806719,0.987815201,67.20963287,-0.269570798,67.47920227
278,-2639,157353,157.353,1.669806719,0.987815201,67.20963287,-0.269570798,67.47920227
279,-2639,157981,157.981,1.670957208,0.876331985,67.229599,-0.736106992,67.96570587
280,-2639,158608,158.608,1.670957208,0.876331985,67.229599,-0.736106992,67.96570587
281,-2639,159002,159.002,1.670957208,0.876331985,67.229599,-0.736106992,67.96570587
282,-2640,159630,159.63,1.670957208,0.876331985,67.229599,-0.736106992,67.96570587
283,-2640,160024,160.024,1.670957208,0.876331985,67.229599,-0.736106992,67.96570587
284,-2640,160651,160.651,1.670957208,0.876331985,67.229599,-0.736106992,67.96570587
285,-2640,161279,161.279,1.670957208,0.876331985,67.229599,-0.736106992,67.96570587
286,-2640,161673,161.673,1.670957208,0.876331985,67.229599,-0.736106992,67.96570587
287,-2640,162300,162.3,1.702535391,1.057067394,66.90583801,-0.016215255,66.92205811
288,-2640,162695,162.695,1.702535391,1.057067394,66.90583801,-0.016215255,66.92205811
289,-2640,163322,163.322,1.702535391,1.057067394,66.90583801,-0.016215255,66.92205811
290,-2640,163716,163.716,1.702535391,1.057067394,66.90583801,-0.016215255,66.92205811
291,-2640,164344,164.344,1.702535391,1.057067394,66.90583801,-0.016215255,66.92205811
292,-2640,164971,164.971,1.702535391,1.057067394,66.90583801,-0.016215255,66.92205811
293,-2640,165365,165.365,1.702535391,1.057067394,66.90583801,-0.016215255,66.92205811
294,-2639,165993,165.993,1.696009159,0.920690656,67.05884552,-0.444289178,67.50313568
295,-2639,166387,166.387,1.696009159,0.920690656,67.05884552,-0.444289178,67.50313568
296,-2640,167014,167.014,1.696009159,0.920690656,67.05884552,-0.444289178,67.50313568
297,-2641,167642,167.642,1.696009159,0.920690656,67.05884552,-0.444289178,67.50313568
298,-2641,168036,168.036,1.696009159,0.920690656,67.05884552,-0.444289178,67.50313568
299,-2642,168664,168.664,1.696009159,0.920690656,67.05884552,-0.444289178,67.50313568
300,-2642,169058,169.058,1.696009159,0.920690656,67.05884552,-0.444289178,67.50313568
301,-2643,169721,169.721,1.696009159,0.920690656,67.05884552,-0.444289178,67.50313568
302,-2643,169721,169.721,1.696009159,0.920690656,67.05884552,-0.444289178,67.50313568
303,-2644,170144,170.144,1.696009159,0.920690656,67.05884552,-0.444289178,67.50313568
304,-2644,170742,170.742,1.696009159,0.920690656,67.05884552,-0.444289178,67.50313568
305,-2645,171165,171.165,1.696009159,0.920690656,67.05884552,-0.444289178,67.50313568
306,-2645,171763,171.763,1.696009159,0.920690656,67.05884552,-0.444289178,67.50313568
307,-2645,172186,172.186,1.696009159,0.920690656,67.05884552,-0.444289178,67.50313568
308,-2645,172784,172.784,1.696009159,0.920690656,67.05884552,-0.444289178,67.50313568
309,-2646,173207,173.207,1.736701012,1.02840507,66.68279266,-0.335592002,67.01838684
310,-2647,173630,173.63,1.736701012,1.02840507,66.68279266,-0.335592002,67.01838684
311,-2648,174229,174.229,1.736701012,1.02840507,66.68279266,-0.335592002,67.01838684
312,-2650,174652,174.652,1.736701012,1.02840507,66.68279266,-0.335592002,67.01838684
313,-2651,175250,175.25,1.736701012,1.02840507,66.68279266,-0.335592002,67.01838684
314,-2654,175673,175.673,1.736701012,1.02840507,66.68279266,-0.335592002,67.01838684
315,-2652,176271,176.271,1.736701012,1.02840507,66.68279266,-0.335592002,67.01838684
316,-2652,176694,176.694,1.736701012,1.02840507,66.68279266,-0.335592002,67.01838684
317,-2658,177293,177.293,1.736701012,1.02840507,66.68279266,-0.335592002,67.01838684
318,-2659,177716,177.716,1.736701012,1.02840507,66.68279266,-0.335592002,67.01838684
319,-2659,178139,178.139,1.736701012,1.02840507,66.68279266,-0.335592002,67.01838684
320,-2660,178737,178.737,1.726944208,0.933195114,66.79672241,-0.621069133,67.41779327
321,-2660,179160,179.16,1.726944208,0.933195114,66.79672241,-0.621069133,67.41779327
322,-2658,179758,179.758,1.726944208,0.933195114,66.79672241,-0.621069133,67.41779327
323,-2659,180181,180.181,1.726944208,0.933195114,66.79672241,-0.621069133,67.41779327
324,-2657,180780,180.78,1.733044982,0.960074246,66.74946594,-0.425553352,67.17502594
325,-2657,181203,181.203,1.733044982,0.960074246,66.74946594,-0.425553352,67.17502594
326,-2657,181203,181.203,1.733044982,0.960074246,66.74946594,-0.425553352,67.17502594
327,-2655,181730,181.73,1.733044982,0.960074246,66.74946594,-0.425553352,67.17502594
328,-2659,182344,182.344,1.733044982,0.960074246,66.74946594,-0.425553352,67.17502594
329,-2660,182754,182.754,1.733044982,0.960074246,66.74946594,-0.425553352,67.17502594
330,-2662,183368,183.368,1.733044982,0.960074246,66.74946594,-0.425553352,67.17502594
331,-2657,183779,183.779,1.733044982,0.960074246,66.74946594,-0.425553352,67.17502594
332,-2657,184393,184.393,1.733044982,0.960074246,66.74946594,-0.425553352,67.17502594
333,-2654,184804,184.804,1.733044982,0.960074246,66.74946594,-0.425553352,67.17502594
334,-2652,185418,185.418,1.733044982,0.960074246,66.74946594,-0.425553352,67.17502594
335,-2650,185829,185.829,1.733044982,0.960074246,66.74946594,-0.425553352,67.17502594
336,-2650,186443,186.443,1.733044982,0.960074246,66.74946594,-0.425553352,67.17502594
337,-2651,186854,186.854,1.733044982,0.960074246,66.74946594,-0.425553352,67.17502594
338,-2656,187468,187.468,1.733044982,0.960074246,66.74946594,-0.425553352,67.17502594
339,-2660,187878,187.878,1.697927237,0.867509067,66.97826385,-0.898543477,67.87680817
340,-2663,188492,188.492,1.697927237,0.867509067,66.97826385,-0.898543477,67.87680817
341,-2663,188903,188.903,1.697927237,0.867509067,66.97826385,-0.898543477,67.87680817
342,-2664,189517,189.517,1.697927237,0.867509067,66.97826385,-0.898543477,67.87680817
343,-2661,189928,189.928,1.697927237,0.867509067,66.97826385,-0.898543477,67.87680817
344,-2658,190542,190.542,1.697927237,0.867509067,66.97826385,-0.898543477,67.87680817
345,-2654,190953,190.953,1.697927237,0.867509067,66.97826385,-0.898543477,67.87680817
346,-2658,191567,191.567,1.697927237,0.867509067,66.97826385,-0.898543477,67.87680817
347,-2657,191978,191.978,1.697927237,0.867509067,66.97826385,-0.898543477,67.87680817
348,-2663,192592,192.592,1.697927237,0.867509067,66.97826385,-0.898543477,67.87680817
349,-2656,193003,193.003,1.697927237,0.867509067,66.97826385,-0.898543477,67.87680817
350,-2658,193617,193.617,1.697927237,0.867509067,66.97826385,-0.898543477,67.87680817
351,-2654,194028,194.028,1.697927237,0.867509067,66.97826385,-0.898543477,67.87680817
352,-2652,194642,194.642,1.697927237,0.867509067,66.97826385,-0.898543477,67.87680817
353,-2649,195053,195.053,1.697927237,0.867509067,66.97826385,-0.898543477,67.87680817
354,-2648,195667,195.667,1.681420565,0.84076333,67.13146973,-0.989015579,68.1204834
355,-2645,196078,196.078,1.681420565,0.84076333,67.13146973,-0.989015579,68.1204834
356,-2644,196692,196.692,1.681420565,0.84076333,67.13146973,-0.989015579,68.1204834
357,-2642,197103,197.103,1.681420565,0.84076333,67.13146973,-0.989015579,68.1204834
358,-2643,197717,197.717,1.681420565,0.84076333,67.13146973,-0.989015579,68.1204834
359,-2639,198128,198.128,1.681420565,0.84076333,67.13146973,-0.989015579,68.1204834
360,-2639,198742,198.742,1.681420565,0.84076333,67.13146973,-0.989015579,68.1204834
361,-2638,199153,199.153,1.681420565,0.84076333,67.13146973,-0.989015579,68.1204834
362,-2637,199767,199.767,1.681420565,0.84076333,67.13146973,-0.989015579,68.1204834
363,-2635,200178,200.178,1.681420565,0.84076333,67.13146973,-0.989015579,68.1204834
364,-2635,200792,200.792,1.681420565,0.84076333,67.13146973,-0.989015579,68.1204834
365,-2635,201203,201.203,1.681420565,0.84076333,67.13146973,-0.989015579,68.1204834
366,-2635,201817,201.817,1.681420565,0.84076333,67.13146973,-0.989015579,68.1204834
367,-2635,202228,202.228,1.681420565,0.84076333,67.13146973,-0.989015579,68.1204834
368,-2634,202842,202.842,1.681420565,0.84076333,67.13146973,-0.989015579,68.1204834
369,-2635,203253,203.253,1.647195816,0.831986725,67.37479401,-0.895501137,68.27029419
370,-2635,203867,203.867,1.647195816,0.831986725,67.37479401,-0.895501137,68.27029419
371,-2636,204278,204.278,1.647195816,0.831986725,67.37479401,-0.895501137,68.27029419
372,-2636,204892,204.892,1.647195816,0.831986725,67.37479401,-0.895501137,68.27029419
373,-2637,205303,205.303,1.647195816,0.831986725,67.37479401,-0.895501137,68.27029419
374,-2638,205917,205.917,1.647195816,0.831986725,67.37479401,-0.895501137,68.27029419
375,-2639,206328,206.328,1.647195816,0.831986725,67.37479401,-0.895501137,68.27029419
376,-2639,206942,206.942,1.647195816,0.831986725,67.37479401,-0.895501137,68.27029419
377,-2639,207353,207.353,1.647195816,0.831986725,67.37479401,-0.895501137,68.27029419
378,-2639,207967,207.967,1.647195816,0.831986725,67.37479401,-0.895501137,68.27029419
379,-2638,208378,208.378,1.647195816,0.831986725,67.37479401,-0.895501137,68.27029419
380,-2638,208992,208.992,1.647195816,0.831986725,67.37479401,-0.895501137,68.27029419
381,-2638,209403,209.403,1.647195816,0.831986725,67.37479401,-0.895501137,68.27029419
382,-2641,210017,210.017,1.647195816,0.831986725,67.37479401,-0.895501137,68.27029419
383,-2641,210429,210.429,1.647195816,0.831986725,67.37479401,-0.895501137,68.27029419
384,-2643,211043,211.043,1.608590126,0.718458951,67.74758148,-1.366234899,69.11382294
385,-2643,211454,211.454,1.608590126,0.718458951,67.74758148,-1.366234899,69.11382294
386,-2643,212068,212.068,1.608590126,0.718458951,67.74758148,-1.366234899,69.11382294
387,-2644,212479,212.479,1.608590126,0.718458951,67.74758148,-1.366234899,69.11382294
388,-2646,213093,213.093,1.608590126,0.718458951,67.74758148,-1.366234899,69.11382294
389,-2646,213504,213.504,1.608590126,0.718458951,67.74758148,-1.366234899,69.11382294
390,-2647,214118,214.118,1.608590126,0.718458951,67.74758148,-1.366234899,69.11382294
391,-2646,214529,214.529,1.608590126,0.718458951,67.74758148,-1.366234899,69.11382294
392,-2646,215143,215.143,1.608590126,0.718458951,67.74758148,-1.366234899,69.11382294
393,-2646,215555,215.555,1.608590126,0.718458951,67.74758148,-1.366234899,69.11382294
394,-2648,216169,216.169,1.608590126,0.718458951,67.74758148,-1.366234899,69.11382294
395,-2648,216580,216.58,1.608590126,0.718458951,67.74758148,-1.366234899,69.11382294
396,-2649,217194,217.194,1.608590126,0.718458951,67.74758148,-1.366234899,69.11382294
397,-2648,217605,217.605,1.608590126,0.718458951,67.74758148,-1.366234899,69.11382294
398,-2648,218219,218.219,1.608590126,0.718458951,67.74758148,-1.366234899,69.11382294
399,-2647,218630,218.63,1.615274549,0.750440896,67.66950226,-1.322088361,68.99158478
400,-2651,219245,219.245,1.615274549,0.750440896,67.66950226,-1.322088361,68.99158478
401,-2651,219656,219.656,1.615274549,0.750440896,67.66950226,-1.322088361,68.99158478
402,-2651,220270,220.27,1.615274549,0.750440896,67.66950226,-1.322088361,68.99158478
403,-2651,220681,220.681,1.615274549,0.750440896,67.66950226,-1.322088361,68.99158478
404,-2652,221295,221.295,1.615274549,0.750440896,67.66950226,-1.322088361,68.99158478
405,-2652,221706,221.706,1.615274549,0.750440896,67.66950226,-1.322088361,68.99158478
406,-2653,222321,222.321,1.615274549,0.750440896,67.66950226,-1.322088361,68.99158478
407,-2652,222732,222.732,1.615274549,0.750440896,67.66950226,-1.322088361,68.99158478
408,-2651,223346,223.346,1.615274549,0.750440896,67.66950226,-1.322088361,68.99158478
409,-2649,223757,223.757,1.615274549,0.750440896,67.66950226,-1.322088361,68.99158478
410,-2646,224371,224.371,1.615274549,0.750440896,67.66950226,-1.322088361,68.99158478
411,-2647,224782,224.782,1.615274549,0.750440896,67.66950226,-1.322088361,68.99158478
412,-2648,225397,225.397,1.615274549,0.750440896,67.66950226,-1.322088361,68.99158478
413,-2651,225808,225.808,1.615274549,0.750440896,67.66950226,-1.322088361,68.99158478
414,-2653,226422,226.422,1.609975338,0.681619108,67.71250916,-1.969983578,69.68248749
415,-2655,226833,226.833,1.609975338,0.681619108,67.71250916,-1.969983578,69.68248749
416,-2654,227447,227.447,1.609975338,0.681619108,67.71250916,-1.969983578,69.68248749
417,-2653,227859,227.859,1.609975338,0.681619108,67.71250916,-1.969983578,69.68248749
418,-2656,228473,228.473,1.609975338,0.681619108,67.71250916,-1.969983578,69.68248749
419,-2656,228884,228.884,1.609975338,0.681619108,67.71250916,-1.969983578,69.68248749
420,-2657,229498,229.498,1.609975338,0.681619108,67.71250916,-1.969983578,69.68248749
421,-2657,229910,229.91,1.609975338,0.681619108,67.71250916,-1.969983578,69.68248749
422,-2658,230524,230.524,1.609975338,0.681619108,67.71250916,-1.969983578,69.68248749
423,-2658,230935,230.935,1.609975338,0.681619108,67.71250916,-1.969983578,69.68248749
424,-2659,231549,231.549,1.609975338,0.681619108,67.71250916,-1.969983578,69.68248749
425,-2659,231960,231.96,1.609975338,0.681619108,67.71250916,-1.969983578,69.68248749
426,-2658,232575,232.575,1.609975338,0.681619108,67.71250916,-1.969983578,69.68248749
427,-2654,232986,232.986,1.609975338,0.681619108,67.71250916,-1.969983578,69.68248749
428,-2654,233600,233.6,1.609975338,0.681619108,67.71250916,-1.969983578,69.68248749
429,-2649,234012,234.012,1.655681968,0.704954505,67.32790375,-2.298571825,69.62647247
430,-2652,234626,234.626,1.655681968,0.704954505,67.32790375,-2.298571825,69.62647247
431,-2648,235037,235.037,1.655681968,0.704954505,67.32790375,-2.298571825,69.62647247
432,-2648,235651,235.651,1.655681968,0.704954505,67.32790375,-2.298571825,69.62647247
433,-2646,236063,236.063,1.655681968,0.704954505,67.32790375,-2.298571825,69.62647247
434,-2646,236677,236.677,1.655681968,0.704954505,67.32790375,-2.298571825,69.62647247
435,-2646,237088,237.088,1.655681968,0.704954505,67.32790375,-2.298571825,69.62647247
436,-2647,237702,237.702,1.655681968,0.704954505,67.32790375,-2.298571825,69.62647247
437,-2646,238114,238.114,1.655681968,0.704954505,67.32790375,-2.298571825,69.62647247
438,-2646,238728,238.728,1.655681968,0.704954505,67.32790375,-2.298571825,69.62647247
439,-2646,239139,239.139,1.655681968,0.704954505,67.32790375,-2.298571825,69.62647247
440,-2650,239754,239.754,1.655681968,0.704954505,67.32790375,-2.298571825,69.62647247
441,-2650,240165,240.165,1.655681968,0.704954505,67.32790375,-2.298571825,69.62647247
442,-2656,240779,240.779,1.655681968,0.704954505,67.32790375,-2.298571825,69.62647247
443,-2655,241191,241.191,1.655681968,0.704954505,67.32790375,-2.298571825,69.62647247
444,-2658,241805,241.805,1.684008837,0.693147838,67.12548828,-2.397190571,69.52267456
445,-2657,242216,242.216,1.684008837,0.693147838,67.12548828,-2.397190571,69.52267456
446,-2659,242831,242.831,1.684008837,0.693147838,67.12548828,-2.397190571,69.52267456
447,-2658,243242,243.242,1.684008837,0.693147838,67.12548828,-2.397190571,69.52267456
448,-2662,243856,243.856,1.684008837,0.693147838,67.12548828,-2.397190571,69.52267456
449,-2663,244267,244.267,1.684008837,0.693147838,67.12548828,-2.397190571,69.52267456
450,-2665,244882,244.882,1.684008837,0.693147838,67.12548828,-2.397190571,69.52267456
451,-2664,245293,245.293,1.684008837,0.693147838,67.12548828,-2.397190571,69.52267456
452,-2664,245908,245.908,1.684008837,0.693147838,67.12548828,-2.397190571,69.52267456
453,-2662,246319,246.319,1.684008837,0.693147838,67.12548828,-2.397190571,69.52267456
454,-2667,246933,246.933,1.684008837,0.693147838,67.12548828,-2.397190571,69.52267456
455,-2666,247345,247.345,1.684008837,0.693147838,67.12548828,-2.397190571,69.52267456
456,-2668,247959,247.959,1.684008837,0.693147838,67.12548828,-2.397190571,69.52267456
457,-2668,248370,248.37,1.684008837,0.693147838,67.12548828,-2.397190571,69.52267456
458,-2670,248985,248.985,1.684008837,0.693147838,67.12548828,-2.397190571,69.52267456
459,-2668,249396,249.396,1.6668998,0.69453764,67.29557037,-2.165199995,69.46076965
460,-2670,250010,250.01,1.6668998,0.69453764,67.29557037,-2.165199995,69.46076965
461,-2670,250422,250.422,1.6668998,0.69453764,67.29557037,-2.165199995,69.46076965
462,-2671,251036,251.036,1.6668998,0.69453764,67.29557037,-2.165199995,69.46076965
463,-2671,251448,251.448,1.6668998,0.69453764,67.29557037,-2.165199995,69.46076965
464,-2672,252062,252.062,1.6668998,0.69453764,67.29557037,-2.165199995,69.46076965
465,-2672,252473,252.473,1.6668998,0.69453764,67.29557037,-2.165199995,69.46076965
466,-2672,253088,253.088,1.6668998,0.69453764,67.29557037,-2.165199995,69.46076965
467,-2672,253499,253.499,1.6668998,0.69453764,67.29557037,-2.165199995,69.46076965
468,-2672,254114,254.114,1.6668998,0.69453764,67.29557037,-2.165199995,69.46076965
469,-2672,254510,254.51,1.6668998,0.69453764,67.29557037,-2.165199995,69.46076965
470,-2672,254510,254.51,1.6668998,0.69453764,67.29557037,-2.165199995,69.46076965
471,-2672,255135,255.135,1.6668998,0.69453764,67.29557037,-2.165199995,69.46076965
472,-2672,255533,255.533,1.6668998,0.69453764,67.29557037,-2.165199995,69.46076965
473,-2673,256158,256.158,1.644648075,0.664456725,67.53424835,-2.0527668,69.58701324
474,-2673,256556,256.556,1.644648075,0.664456725,67.53424835,-2.0527668,69.58701324
475,-2673,257181,257.181,1.644648075,0.664456725,67.53424835,-2.0527668,69.58701324
476,-2673,257579,257.579,1.644648075,0.664456725,67.53424835,-2.0527668,69.58701324
477,-2674,258203,258.203,1.644648075,0.664456725,67.53424835,-2.0527668,69.58701324
478,-2674,258828,258.828,1.635168076,0.679742575,67.63227081,-1.769669771,69.40194702
479,-2675,259226,259.226,1.635168076,0.679742575,67.63227081,-1.769669771,69.40194702
480,-2675,259851,259.851,1.635168076,0.679742575,67.63227081,-1.769669771,69.40194702
481,-2676,260249,260.249,1.635168076,0.679742575,67.63227081,-1.769669771,69.40194702
482,-2676,260874,260.874,1.635168076,0.679742575,67.63227081,-1.769669771,69.40194702
483,-2676,261499,261.499,1.635168076,0.679742575,67.63227081,-1.769669771,69.40194702
484,-2676,261897,261.897,1.635168076,0.679742575,67.63227081,-1.769669771,69.40194702
485,-2677,262522,262.522,1.635168076,0.679742575,67.63227081,-1.769669771,69.40194702
486,-2678,262920,262.92,1.635168076,0.679742575,67.63227081,-1.769669771,69.40194702
487,-2680,263545,263.545,1.635168076,0.679742575,67.63227081,-1.769669771,69.40194702
488,-2680,263943,263.943,1.656801224,0.794285953,67.40614319,-1.066131234,68.47227478
489,-2679,264567,264.567,1.656801224,0.794285953,67.40614319,-1.066131234,68.47227478
490,-2676,265192,265.192,1.656801224,0.794285953,67.40614319,-1.066131234,68.47227478
491,-2679,265590,265.59,1.656801224,0.794285953,67.40614319,-1.066131234,68.47227478
492,-2680,266215,266.215,1.656801224,0.794285953,67.40614319,-1.066131234,68.47227478
493,-2682,266613,266.613,1.656801224,0.794285953,67.40614319,-1.066131234,68.47227478
494,-2683,267238,267.238,1.656801224,0.794285953,67.40614319,-1.066131234,68.47227478
495,-2684,267636,267.636,1.656801224,0.794285953,67.40614319,-1.066131234,68.47227478
496,-2684,268261,268.261,1.656801224,0.794285953,67.40614319,-1.066131234,68.47227478
497,-2684,268261,268.261,1.656801224,0.794285953,67.40614319,-1.066131234,68.47227478
498,-2684,268965,268.965,1.656801224,0.794285953,67.40614319,-1.066131234,68.47227478
499,-2683,269340,269.34,1.656801224,0.794285953,67.40614319,-1.066131234,68.47227478
500,-2684,269979,269.979,1.656801224,0.794285953,67.40614319,-1.066131234,68.47227478
501,-2685,270619,270.619,1.656801224,0.794285953,67.40614319,-1.066131234,68.47227478
502,-2687,271258,271.258,1.707685947,0.779493392,66.91765594,-1.778071046,68.69573212
503,-2687,271633,271.633,1.707685947,0.779493392,66.91765594,-1.778071046,68.69573212
504,-2687,272272,272.272,1.707685947,0.779493392,66.91765594,-1.778071046,68.69573212
505,-2688,272912,272.912,1.707685947,0.779493392,66.91765594,-1.778071046,68.69573212
506,-2687,273286,273.286,1.707685947,0.779493392,66.91765594,-1.778071046,68.69573212
507,-2687,273926,273.926,1.774019122,0.895436764,66.24681854,-1.590734124,67.83755493
508,-2687,274565,274.565,1.774019122,0.895436764,66.24681854,-1.590734124,67.83755493
509,-2687,275205,275.205,1.774019122,0.895436764,66.24681854,-1.590734124,67.83755493
510,-2686,275579,275.579,1.774019122,0.895436764,66.24681854,-1.590734124,67.83755493
511,-2685,276219,276.219,1.774019122,0.895436764,66.24681854,-1.590734124,67.83755493
512,-2686,276858,276.858,1.774019122,0.895436764,66.24681854,-1.590734124,67.83755493
513,-2685,277233,277.233,1.774019122,0.895436764,66.24681854,-1.590734124,67.83755493
514,-2687,277872,277.872,1.774019122,0.895436764,66.24681854,-1.590734124,67.83755493
515,-2687,278512,278.512,1.774019122,0.895436764,66.24681854,-1.590734124,67.83755493
516,-2687,279152,279.152,1.774019122,0.895436764,66.24681854,-1.590734124,67.83755493
517,-2687,279526,279.526,1.807326436,0.887367964,65.91914368,-2.138285875,68.05743408
518,-2687,280165,280.165,1.807326436,0.887367964,65.91914368,-2.138285875,68.05743408
519,-2688,280805,280.805,1.807326436,0.887367964,65.91914368,-2.138285875,68.05743408
520,-2688,281179,281.179,1.807326436,0.887367964,65.91914368,-2.138285875,68.05743408
521,-2689,281819,281.819,1.807326436,0.887367964,65.91914368,-2.138285875,68.05743408
522,-2690,282459,282.459,1.807326436,0.887367964,65.91914368,-2.138285875,68.05743408
523,-2690,283099,283.099,1.807326436,0.887367964,65.91914368,-2.138285875,68.05743408
524,-2690,283473,283.473,1.807326436,0.887367964,65.91914368,-2.138285875,68.05743408
525,-2691,284112,284.112,1.807326436,0.887367964,65.91914368,-2.138285875,68.05743408
526,-2692,284752,284.752,1.807326436,0.887367964,65.91914368,-2.138285875,68.05743408
527,-2692,285126,285.126,1.807326436,0.887367964,65.91914368,-2.138285875,68.05743408
528,-2692,285766,285.766,1.830704093,0.916856945,65.67595673,-2.143045664,67.81900024
529,-2693,286406,286.406,1.830704093,0.916856945,65.67595673,-2.143045664,67.81900024
530,-2693,287046,287.046,1.830704093,0.916856945,65.67595673,-2.143045664,67.81900024
531,-2692,287420,287.42,1.830704093,0.916856945,65.67595673,-2.143045664,67.81900024
532,-2693,288060,288.06,1.822768569,0.904891372,65.7407608,-2.196190834,67.93695068
533,-2692,288699,288.699,1.822768569,0.904891372,65.7407608,-2.196190834,67.93695068
534,-2692,289074,289.074,1.822768569,0.904891372,65.7407608,-2.196190834,67.93695068
535,-2691,289714,289.714,1.822768569,0.904891372,65.7407608,-2.196190834,67.93695068
536,-2691,290353,290.353,1.822768569,0.904891372,65.7407608,-2.196190834,67.93695068
537,-2691,290993,290.993,1.822768569,0.904891372,65.7407608,-2.196190834,67.93695068
538,-2691,291367,291.367,1.822768569,0.904891372,65.7407608,-2.196190834,67.93695068
539,-2691,292007,292.007,1.822768569,0.904891372,65.7407608,-2.196190834,67.93695068
540,-2692,292647,292.647,1.822768569,0.904891372,65.7407608,-2.196190834,67.93695068
541,-2692,293021,293.021,1.822768569,0.904891372,65.7407608,-2.196190834,67.93695068
542,-2693,293661,293.661,1.822768569,0.904891372,65.7407608,-2.196190834,67.93695068
543,-2694,294301,294.301,1.822768569,0.904891372,65.7407608,-2.196190834,67.93695068
544,-2695,294941,294.941,1.822768569,0.904891372,65.7407608,-2.196190834,67.93695068
545,-2696,295315,295.315,1.822768569,0.904891372,65.7407608,-2.196190834,67.93695068
546,-2696,295955,295.955,1.822768569,0.904891372,65.7407608,-2.196190834,67.93695068
547,-2696,296595,296.595,1.805762053,0.870392978,65.90606689,-2.353631735,68.25969696
548,-2695,296969,296.969,1.805762053,0.870392978,65.90606689,-2.353631735,68.25969696
549,-2694,297609,297.609,1.809036613,0.864653885,65.8693161,-2.444275379,68.313591
550,-2695,298249,298.249,1.809036613,0.864653885,65.8693161,-2.444275379,68.313591
551,-2696,298889,298.889,1.809036613,0.864653885,65.8693161,-2.444275379,68.313591
552,-2696,299263,299.263,1.809036613,0.864653885,65.8693161,-2.444275379,68.313591
553,-2697,299903,299.903,1.809036613,0.864653885,65.8693161,-2.444275379,68.313591
554,-2696,300543,300.543,1.809036613,0.864653885,65.8693161,-2.444275379,68.313591
555,-2695,300917,300.917,1.809036613,0.864653885,65.8693161,-2.444275379,68.313591
556,-2695,301557,301.557,1.809036613,0.864653885,65.8693161,-2.444275379,68.313591
557,-2695,302197,302.197,1.809036613,0.864653885,65.8693161,-2.444275379,68.313591
558,-2695,302837,302.837,1.809036613,0.864653885,65.8693161,-2.444275379,68.313591
559,-2695,303211,303.211,1.809036613,0.864653885,65.8693161,-2.444275379,68.313591
560,-2696,303851,303.851,1.809036613,0.864653885,65.8693161,-2.444275379,68.313591
561,-2696,304491,304.491,1.809036613,0.864653885,65.8693161,-2.444275379,68.313591
562,-2697,304865,304.865,1.786214948,0.787823975,66.10490417,-2.671411514,68.77632141
563,-2698,305505,305.505,1.786214948,0.787823975,66.10490417,-2.671411514,68.77632141
564,-2699,306145,306.145,1.786214948,0.787823975,66.10490417,-2.671411514,68.77632141
565,-2698,306785,306.785,1.786214948,0.787823975,66.10490417,-2.671411514,68.77632141
566,-2696,307159,307.159,1.786214948,0.787823975,66.10490417,-2.671411514,68.77632141
567,-2698,307799,307.799,1.786214948,0.787823975,66.10490417,-2.671411514,68.77632141
568,-2698,308439,308.439,1.786214948,0.787823975,66.10490417,-2.671411514,68.77632141
569,-2701,309079,309.079,1.776723623,0.845543385,66.21101379,-2.079788923,68.290802
570,-2703,309453,309.453,1.776723623,0.845543385,66.21101379,-2.079788923,68.290802
571,-2704,310093,310.093,1.776723623,0.845543385,66.21101379,-2.079788923,68.290802
572,-2705,310733,310.733,1.776723623,0.845543385,66.21101379,-2.079788923,68.290802
573,-2704,311108,311.108,1.776723623,0.845543385,66.21101379,-2.079788923,68.290802
574,-2702,311748,311.748,1.776723623,0.845543385,66.21101379,-2.079788923,68.290802
575,-2700,312388,312.388,1.776723623,0.845543385,66.21101379,-2.079788923,68.290802
576,-2698,313028,313.028,1.776723623,0.845543385,66.21101379,-2.079788923,68.290802
577,-2698,313402,313.402,1.771955967,0.805752039,66.19602203,-2.311682224,68.50770569
578,-2699,314042,314.042,1.771955967,0.805752039,66.19602203,-2.311682224,68.50770569
579,-2700,314682,314.682,1.771955967,0.805752039,66.19602203,-2.311682224,68.50770569
580,-2698,315056,315.056,1.771955967,0.805752039,66.19602203,-2.311682224,68.50770569
581,-2699,315696,315.696,1.771955967,0.805752039,66.19602203,-2.311682224,68.50770569
582,-2703,316336,316.336,1.771955967,0.805752039,66.19602203,-2.311682224,68.50770569
583,-2704,316976,316.976,1.771955967,0.805752039,66.19602203,-2.311682224,68.50770569
584,-2704,317351,317.351,1.771955967,0.805752039,66.19602203,-2.311682224,68.50770569
585,-2706,317991,317.991,1.771955967,0.805752039,66.19602203,-2.311682224,68.50770569
586,-2706,318631,318.631,1.771955967,0.805752039,66.19602203,-2.311682224,68.50770569
587,-2706,319005,319.005,1.771955967,0.805752039,66.19602203,-2.311682224,68.50770569
588,-2707,319645,319.645,1.771955967,0.805752039,66.19602203,-2.311682224,68.50770569
589,-2706,320285,320.285,1.771955967,0.805752039,66.19602203,-2.311682224,68.50770569
590,-2705,320926,320.926,1.743875027,0.827590466,66.45223236,-1.672732115,68.12496185
591,-2705,321300,321.3,1.732279301,0.821680844,66.56241608,-1.510394454,68.07281494
592,-2706,321940,321.94,1.732279301,0.821680844,66.56241608,-1.510394454,68.07281494
593,-2706,322580,322.58,1.732279301,0.821680844,66.56241608,-1.510394454,68.07281494
594,-2706,322954,322.954,1.732279301,0.821680844,66.56241608,-1.510394454,68.07281494
595,-2706,323595,323.595,1.732279301,0.821680844,66.56241608,-1.510394454,68.07281494
596,-2706,324235,324.235,1.732279301,0.821680844,66.56241608,-1.510394454,68.07281494
597,-2707,324875,324.875,1.732279301,0.821680844,66.56241608,-1.510394454,68.07281494
598,-2707,325249,325.249,1.732279301,0.821680844,66.56241608,-1.510394454,68.07281494
599,-2707,325889,325.889,1.732279301,0.821680844,66.56241608,-1.510394454,68.07281494
600,-2707,326529,326.529,1.732279301,0.821680844,66.56241608,-1.510394454,68.07281494
601,-2707,326904,326.904,1.732279301,0.821680844,66.56241608,-1.510394454,68.07281494
602,-2707,327544,327.544,1.732279301,0.821680844,66.56241608,-1.510394454,68.07281494
603,-2707,328184,328.184,1.732279301,0.821680844,66.56241608,-1.510394454,68.07281494
604,-2707,328824,328.824,1.732279301,0.821680844,66.56241608,-1.510394454,68.07281494
605,-2707,329199,329.199,1.732279301,0.821680844,66.56241608,-1.510394454,68.07281494
606,-2706,329839,329.839,1.726114392,0.82446146,66.5993042,-1.408552766,68.00785828
607,-2706,330479,330.479,1.726114392,0.82446146,66.5993042,-1.408552766,68.00785828
608,-2706,330853,330.853,1.726114392,0.82446146,66.5993042,-1.408552766,68.00785828
609,-2706,331494,331.494,1.726114392,0.82446146,66.5993042,-1.408552766,68.00785828
610,-2706,332134,332.134,1.726114392,0.82446146,66.5993042,-1.408552766,68.00785828
611,-2707,332774,332.774,1.652817965,0.808012962,67.30102539,-0.491743028,67.79277039
612,-2707,333148,333.148,1.652817965,0.808012962,67.30102539,-0.491743028,67.79277039
613,-2705,333789,333.789,1.652817965,0.808012962,67.30102539,-0.491743028,67.79277039
614,-2703,334429,334.429,1.652817965,0.808012962,67.30102539,-0.491743028,67.79277039
615,-2703,334803,334.803,1.652817965,0.808012962,67.30102539,-0.491743028,67.79277039
616,-2700,335443,335.443,1.652817965,0.808012962,67.30102539,-0.491743028,67.79277039
617,-2698,336084,336.084,1.652817965,0.808012962,67.30102539,-0.491743028,67.79277039
618,-2701,336724,336.724,1.652817965,0.808012962,67.30102539,-0.491743028,67.79277039
619,-2703,337098,337.098,1.652817965,0.808012962,67.30102539,-0.491743028,67.79277039
620,-2704,337738,337.738,1.652817965,0.808012962,67.30102539,-0.491743028,67.79277039
621,-2705,338379,338.379,1.60773015,0.805145025,67.57189178,-0.274633765,67.8465271
622,-2705,338753,338.753,1.60773015,0.805145025,67.57189178,-0.274633765,67.8465271
623,-2705,339393,339.393,1.60773015,0.805145025,67.57189178,-0.274633765,67.8465271
624,-2705,340034,340.034,1.60773015,0.805145025,67.57189178,-0.274633765,67.8465271
625,-2705,340674,340.674,1.60773015,0.805145025,67.57189178,-0.274633765,67.8465271
626,-2705,341048,341.048,1.60773015,0.805145025,67.57189178,-0.274633765,67.8465271
627,-2705,341689,341.689,1.60773015,0.805145025,67.57189178,-0.274633765,67.8465271
628,-2705,342329,342.329,1.60773015,0.805145025,67.57189178,-0.274633765,67.8465271
629,-2705,342703,342.703,1.60773015,0.805145025,67.57189178,-0.274633765,67.8465271
630,-2705,343344,343.344,1.60773015,0.805145025,67.57189178,-0.274633765,67.8465271
631,-2706,343984,343.984,1.60773015,0.805145025,67.57189178,-0.274633765,67.8465271
632,-2707,344624,344.624,1.552967191,0.749816716,68.09671021,0.035019793,68.06169128
633,-2707,344999,344.999,1.552967191,0.749816716,68.09671021,0.035019793,68.06169128
634,-2707,345639,345.639,1.552967191,0.749816716,68.09671021,0.035019793,68.06169128
635,-2707,345639,345.639,1.552967191,0.749816716,68.09671021,0.035019793,68.06169128
636,-2707,346054,346.054,1.552967191,0.749816716,68.09671021,0.035019793,68.06169128
637,-2707,346615,346.615,1.497145534,0.766438007,68.45172882,0.268306851,68.1834259
638,-2707,347060,347.06,1.497145534,0.766438007,68.45172882,0.268306851,68.1834259
639,-2707,347505,347.505,1.497145534,0.766438007,68.45172882,0.268306851,68.1834259
640,-2707,347950,347.95,1.497145534,0.766438007,68.45172882,0.268306851,68.1834259
641,-2708,348511,348.511,1.497145534,0.766438007,68.45172882,0.268306851,68.1834259
642,-2708,348956,348.956,1.497145534,0.766438007,68.45172882,0.268306851,68.1834259
643,-2709,349401,349.401,1.497145534,0.766438007,68.45172882,0.268306851,68.1834259
644,-2710,349846,349.846,1.497145534,0.766438007,68.45172882,0.268306851,68.1834259
645,-2707,350407,350.407,1.497145534,0.766438007,68.45172882,0.268306851,68.1834259
646,-2708,350852,350.852,1.497145534,0.766438007,68.45172882,0.268306851,68.1834259
647,-2709,351297,351.297,1.497145534,0.766438007,68.45172882,0.268306851,68.1834259
648,-2711,351742,351.742,1.497145534,0.766438007,68.45172882,0.268306851,68.1834259
649,-2711,352302,352.302,1.497145534,0.766438007,68.45172882,0.268306851,68.1834259
650,-2711,352748,352.748,1.497145534,0.766438007,68.45172882,0.268306851,68.1834259
651,-2711,353193,353.193,1.497145534,0.766438007,68.45172882,0.268306851,68.1834259
652,-2712,353638,353.638,1.448847651,0.748175085,68.86450958,0.268368065,68.596138
653,-2712,354198,354.198,1.448847651,0.748175085,68.86450958,0.268368065,68.596138
654,-2712,354643,354.643,1.448847651,0.748175085,68.86450958,0.268368065,68.596138
655,-2713,355089,355.089,1.448847651,0.748175085,68.86450958,0.268368065,68.596138
656,-2714,355534,355.534,1.448847651,0.748175085,68.86450958,0.268368065,68.596138
657,-2716,356094,356.094,1.448847651,0.748175085,68.86450958,0.268368065,68.596138
658,-2716,356539,356.539,1.448847651,0.748175085,68.86450958,0.268368065,68.596138
659,-2716,356985,356.985,1.448847651,0.748175085,68.86450958,0.268368065,68.596138
660,-2716,357430,357.43,1.448847651,0.748175085,68.86450958,0.268368065,68.596138
661,-2715,357990,357.99,1.448847651,0.748175085,68.86450958,0.268368065,68.596138
662,-2714,358436,358.436,1.448847651,0.748175085,68.86450958,0.268368065,68.596138
663,-2713,358881,358.881,1.448847651,0.748175085,68.86450958,0.268368065,68.596138
664,-2713,359441,359.441,1.448847651,0.748175085,68.86450958,0.268368065,68.596138
665,-2713,359886,359.886,1.448847651,0.748175085,68.86450958,0.268368065,68.596138
666,-2713,360332,360.332,1.448847651,0.748175085,68.86450958,0.268368065,68.596138
667,-2713,360777,360.777,1.330883026,0.706951976,69.84685516,1.258675337,68.58818054
668,-2714,361337,361.337,1.330883026,0.706951976,69.84685516,1.258675337,68.58818054
669,-2714,361783,361.783,1.330883026,0.706951976,69.84685516,1.258675337,68.58818054
670,-2715,362228,362.228,1.330883026,0.706951976,69.84685516,1.258675337,68.58818054
671,-2716,362673,362.673,1.330883026,0.706951976,69.84685516,1.258675337,68.58818054
672,-2716,363234,363.234,1.330883026,0.706951976,69.84685516,1.258675337,68.58818054
673,-2716,363679,363.679,1.330883026,0.706951976,69.84685516,1.258675337,68.58818054
674,-2715,364124,364.124,1.330883026,0.706951976,69.84685516,1.258675337,68.58818054
675,-2716,364569,364.569,1.330883026,0.706951976,69.84685516,1.258675337,68.58818054
676,-2716,365130,365.13,1.330883026,0.706951976,69.84685516,1.258675337,68.58818054
677,-2716,365575,365.575,1.330883026,0.706951976,69.84685516,1.258675337,68.58818054
678,-2716,366020,366.02,1.330883026,0.706951976,69.84685516,1.258675337,68.58818054
679,-2716,366465,366.465,1.330883026,0.706951976,69.84685516,1.258675337,68.58818054
680,-2716,367026,367.026,1.330883026,0.706951976,69.84685516,1.258675337,68.58818054
681,-2716,367471,367.471,1.330883026,0.706951976,69.84685516,1.258675337,68.58818054
682,-2716,367916,367.916,1.301193357,0.681028247,70.10861206,1.394403458,68.71421051
683,-2716,368361,368.361,1.301193357,0.681028247,70.10861206,1.394403458,68.71421051
684,-2716,368922,368.922,1.301193357,0.681028247,70.10861206,1.394403458,68.71421051
685,-2716,369367,369.367,1.301193357,0.681028247,70.10861206,1.394403458,68.71421051
686,-2716,369812,369.812,1.301193357,0.681028247,70.10861206,1.394403458,68.71421051
687,-2716,370257,370.257,1.301193357,0.681028247,70.10861206,1.394403458,68.71421051
688,-2715,370818,370.818,1.224461913,0.527412534,70.75434875,1.335392952,69.41896057
689,-2715,371263,371.263,1.224461913,0.527412534,70.75434875,1.335392952,69.41896057
690,-2715,371708,371.708,1.224461913,0.527412534,70.75434875,1.335392952,69.41896057
691,-2715,372154,372.154,1.224461913,0.527412534,70.75434875,1.335392952,69.41896057
692,-2715,372714,372.714,1.224461913,0.527412534,70.75434875,1.335392952,69.41896057
693,-2715,373160,373.16,1.224461913,0.527412534,70.75434875,1.335392952,69.41896057
694,-2715,373605,373.605,1.224461913,0.527412534,70.75434875,1.335392952,69.41896057
695,-2715,374166,374.166,1.224461913,0.527412534,70.75434875,1.335392952,69.41896057
696,-2715,374611,374.611,1.224461913,0.527412534,70.75434875,1.335392952,69.41896057
697,-2715,375056,375.056,1.231268406,0.567772448,70.7243576,1.695729852,69.02862549
698,-2715,375501,375.501,1.231268406,0.567772448,70.7243576,1.695729852,69.02862549
699,-2716,376062,376.062,1.231268406,0.567772448,70.7243576,1.695729852,69.02862549
700,-2716,376507,376.507,1.231268406,0.567772448,70.7243576,1.695729852,69.02862549
701,-2716,376952,376.952,1.231268406,0.567772448,70.7243576,1.695729852,69.02862549
702,-2716,377397,377.397,1.231268406,0.567772448,70.7243576,1.695729852,69.02862549
703,-2716,377958,377.958,1.231268406,0.567772448,70.7243576,1.695729852,69.02862549
704,-2716,378403,378.403,1.231268406,0.567772448,70.7243576,1.695729852,69.02862549
705,-2716,378848,378.848,1.231268406,0.567772448,70.7243576,1.695729852,69.02862549
706,-2716,379294,379.294,1.231268406,0.567772448,70.7243576,1.695729852,69.02862549
707,-2717,379855,379.855,1.231268406,0.567772448,70.7243576,1.695729852,69.02862549
708,-2717,380300,380.3,1.231268406,0.567772448,70.7243576,1.695729852,69.02862549
709,-2717,380745,380.745,1.231268406,0.567772448,70.7243576,1.695729852,69.02862549
710,-2717,381190,381.19,1.231268406,0.567772448,70.7243576,1.695729852,69.02862549
711,-2717,381751,381.751,1.231268406,0.567772448,70.7243576,1.695729852,69.02862549
712,-2717,382196,382.196,1.317297697,0.649161875,70.12796783,1.388681054,68.73928833
713,-2718,382641,382.641,1.317297697,0.649161875,70.12796783,1.388681054,68.73928833
714,-2717,383086,383.086,1.317297697,0.649161875,70.12796783,1.388681054,68.73928833
715,-2717,383647,383.647,1.317297697,0.649161875,70.12796783,1.388681054,68.73928833
716,-2716,384092,384.092,1.317297697,0.649161875,70.12796783,1.388681054,68.73928833
717,-2716,384538,384.538,1.317297697,0.649161875,70.12796783,1.388681054,68.73928833
718,-2715,384983,384.983,1.317297697,0.649161875,70.12796783,1.388681054,68.73928833
719,-2714,385544,385.544,1.317297697,0.649161875,70.12796783,1.388681054,68.73928833
720,-2714,385989,385.989,1.317297697,0.649161875,70.12796783,1.388681054,68.73928833
721,-2714,386434,386.434,1.317297697,0.649161875,70.12796783,1.388681054,68.73928833
722,-2714,386995,386.995,1.317297697,0.649161875,70.12796783,1.388681054,68.73928833
723,-2713,387440,387.44,1.317297697,0.649161875,70.12796783,1.388681054,68.73928833
724,-2712,387885,387.885,1.317297697,0.649161875,70.12796783,1.388681054,68.73928833
725,-2714,388331,388.331,1.317297697,0.649161875,70.12796783,1.388681054,68.73928833
726,-2716,388891,388.891,1.317297697,0.649161875,70.12796783,1.388681054,68.73928833
727,-2718,389337,389.337,1.428623676,0.719759703,69.45973969,1.318701148,68.14103699
728,-2717,389782,389.782,1.428623676,0.719759703,69.45973969,1.318701148,68.14103699
729,-2716,390227,390.227,1.428623676,0.719759703,69.45973969,1.318701148,68.14103699
730,-2717,390788,390.788,1.428623676,0.719759703,69.45973969,1.318701148,68.14103699
731,-2716,391233,391.233,1.428623676,0.719759703,69.45973969,1.318701148,68.14103699
732,-2715,391678,391.678,1.428623676,0.719759703,69.45973969,1.318701148,68.14103699
733,-2715,392124,392.124,1.428623676,0.719759703,69.45973969,1.318701148,68.14103699
734,-2716,392685,392.685,1.428623676,0.719759703,69.45973969,1.318701148,68.14103699
735,-2717,393130,393.13,1.428623676,0.719759703,69.45973969,1.318701148,68.14103699
736,-2716,393575,393.575,1.428623676,0.719759703,69.45973969,1.318701148,68.14103699
737,-2714,394020,394.02,1.428623676,0.719759703,69.45973969,1.318701148,68.14103699
738,-2714,394581,394.581,1.428623676,0.719759703,69.45973969,1.318701148,68.14103699
739,-2714,395026,395.026,1.428623676,0.719759703,69.45973969,1.318701148,68.14103699
740,-2714,395472,395.472,1.428623676,0.719759703,69.45973969,1.318701148,68.14103699
741,-2714,395917,395.917,1.428623676,0.719759703,69.45973969,1.318701148,68.14103699
742,-2714,396478,396.478,1.421676874,0.795681834,69.53107452,2.015843868,67.51522827
743,-2714,396923,396.923,1.421676874,0.795681834,69.53107452,2.015843868,67.51522827
744,-2714,397368,397.368,1.421676874,0.795681834,69.53107452,2.015843868,67.51522827
745,-2714,397813,397.813,1.421676874,0.795681834,69.53107452,2.015843868,67.51522827
746,-2713,398374,398.374,1.402142644,0.776729822,69.64847565,2.138393402,67.51008606
747,-2713,398820,398.82,1.402142644,0.776729822,69.64847565,2.138393402,67.51008606
748,-2714,399265,399.265,1.402142644,0.776729822,69.64847565,2.138393402,67.51008606
749,-2714,399826,399.826,1.402142644,0.776729822,69.64847565,2.138393402,67.51008606
750,-2714,400271,400.271,1.402142644,0.776729822,69.64847565,2.138393402,67.51008606
751,-2714,400716,400.716,1.402142644,0.776729822,69.64847565,2.138393402,67.51008606
752,-2714,401161,401.161,1.402142644,0.776729822,69.64847565,2.138393402,67.51008606
753,-2714,401722,401.722,1.402142644,0.776729822,69.64847565,2.138393402,67.51008606
754,-2714,402168,402.168,1.402142644,0.776729822,69.64847565,2.138393402,67.51008606
755,-2715,402613,402.613,1.402142644,0.776729822,69.64847565,2.138393402,67.51008606
756,-2715,403058,403.058,1.402142644,0.776729822,69.64847565,2.138393402,67.51008606
757,-2714,403619,403.619,1.369437575,0.801775038,69.90699005,2.751364946,67.15563202
758,-2714,404064,404.064,1.369437575,0.801775038,69.90699005,2.751364946,67.15563202
759,-2714,404510,404.51,1.369437575,0.801775038,69.90699005,2.751364946,67.15563202
760,-2714,404955,404.955,1.369437575,0.801775038,69.90699005,2.751364946,67.15563202
761,-2715,405516,405.516,1.369437575,0.801775038,69.90699005,2.751364946,67.15563202
762,-2715,405961,405.961,1.369437575,0.801775038,69.90699005,2.751364946,67.15563202
763,-2715,406406,406.406,1.369437575,0.801775038,69.90699005,2.751364946,67.15563202
764,-2715,406852,406.852,1.369437575,0.801775038,69.90699005,2.751364946,67.15563202
765,-2715,407413,407.413,1.369437575,0.801775038,69.90699005,2.751364946,67.15563202
766,-2715,407858,407.858,1.369437575,0.801775038,69.90699005,2.751364946,67.15563202
767,-2714,408303,408.303,1.369437575,0.801775038,69.90699005,2.751364946,67.15563202
768,-2714,408748,408.748,1.369437575,0.801775038,69.90699005,2.751364946,67.15563202
769,-2714,409309,409.309,1.369437575,0.801775038,69.90699005,2.751364946,67.15563202
770,-2714,409755,409.755,1.369437575,0.801775038,69.90699005,2.751364946,67.15563202
771,-2714,410200,410.2,1.369437575,0.801775038,69.90699005,2.751364946,67.15563202
772,-2714,410645,410.645,1.268724322,0.771261394,70.66002655,3.724312782,66.93571472
773,-2714,411206,411.206,1.268724322,0.771261394,70.66002655,3.724312782,66.93571472
774,-2714,411651,411.651,1.268724322,0.771261394,70.66002655,3.724312782,66.93571472
775,-2714,412097,412.097,1.268724322,0.771261394,70.66002655,3.724312782,66.93571472
776,-2714,412658,412.658,1.268724322,0.771261394,70.66002655,3.724312782,66.93571472
777,-2714,413103,413.103,1.268724322,0.771261394,70.66002655,3.724312782,66.93571472
778,-2714,413548,413.548,1.268724322,0.771261394,70.66002655,3.724312782,66.93571472
779,-2714,413994,413.994,1.268724322,0.771261394,70.66002655,3.724312782,66.93571472
780,-2714,414555,414.555,1.268724322,0.771261394,70.66002655,3.724312782,66.93571472
781,-2714,415000,415,1.268724322,0.771261394,70.66002655,3.724312782,66.93571472
782,-2715,415445,415.445,1.268724322,0.771261394,70.66002655,3.724312782,66.93571472
783,-2715,415890,415.89,1.268724322,0.771261394,70.66002655,3.724312782,66.93571472
784,-2715,416451,416.451,1.268724322,0.771261394,70.66002655,3.724312782,66.93571472
785,-2715,416897,416.897,1.268724322,0.771261394,70.66002655,3.724312782,66.93571472
786,-2715,417342,417.342,1.268724322,0.771261394,70.66002655,3.724312782,66.93571472
787,-2715,417787,417.787,1.178003311,0.745091319,71.25569916,4.712316513,66.54338074
788,-2715,418348,418.348,1.178003311,0.745091319,71.25569916,4.712316513,66.54338074
789,-2715,418794,418.794,1.178003311,0.745091319,71.25569916,4.712316513,66.54338074
790,-2715,419239,419.239,1.178003311,0.745091319,71.25569916,4.712316513,66.54338074
791,-2715,419684,419.684,1.178003311,0.745091319,71.25569916,4.712316513,66.54338074
792,-2715,420245,420.245,1.178003311,0.745091319,71.25569916,4.712316513,66.54338074
793,-2715,420691,420.691,1.178003311,0.745091319,71.25569916,4.712316513,66.54338074
794,-2715,421136,421.136,1.178003311,0.745091319,71.25569916,4.712316513,66.54338074
795,-2714,421581,421.581,1.178003311,0.745091319,71.25569916,4.712316513,66.54338074
796,-2714,422142,422.142,1.178003311,0.745091319,71.25569916,4.712316513,66.54338074
797,-2714,422588,422.588,1.178003311,0.745091319,71.25569916,4.712316513,66.54338074
798,-2715,423033,423.033,1.178003311,0.745091319,71.25569916,4.712316513,66.54338074
799,-2715,423478,423.478,1.178003311,0.745091319,71.25569916,4.712316513,66.54338074
800,-2715,424039,424.039,1.178003311,0.745091319,71.25569916,4.712316513,66.54338074
801,-2715,424485,424.485,1.178003311,0.745091319,71.25569916,4.712316513,66.54338074
802,-2715,424930,424.93,1.121733665,0.705314159,71.64472961,5.323933125,66.32079315
803,-2715,425375,425.375,1.121733665,0.705314159,71.64472961,5.323933125,66.32079315
804,-2715,425936,425.936,1.073731303,0.643076181,71.94216156,5.395692348,66.54647064
805,-2715,426382,426.382,1.073731303,0.643076181,71.94216156,5.395692348,66.54647064
806,-2715,426827,426.827,1.073731303,0.643076181,71.94216156,5.395692348,66.54647064
807,-2715,427388,427.388,1.073731303,0.643076181,71.94216156,5.395692348,66.54647064
808,-2715,427833,427.833,1.073731303,0.643076181,71.94216156,5.395692348,66.54647064
809,-2715,428279,428.279,1.073731303,0.643076181,71.94216156,5.395692348,66.54647064
810,-2715,428724,428.724,1.073731303,0.643076181,71.94216156,5.395692348,66.54647064
811,-2715,429285,429.285,1.073731303,0.643076181,71.94216156,5.395692348,66.54647064
812,-2715,429730,429.73,1.073731303,0.643076181,71.94216156,5.395692348,66.54647064
813,-2716,430176,430.176,1.073731303,0.643076181,71.94216156,5.395692348,66.54647064
814,-2716,430621,430.621,1.073731303,0.643076181,71.94216156,5.395692348,66.54647064
815,-2716,431182,431.182,1.073731303,0.643076181,71.94216156,5.395692348,66.54647064
816,-2716,431628,431.628,1.073731303,0.643076181,71.94216156,5.395692348,66.54647064
817,-2715,432073,432.073,1.042458773,0.632742822,72.19924164,5.838737965,66.36050415
818,-2715,432518,432.518,1.042458773,0.632742822,72.19924164,5.838737965,66.36050415
819,-2715,433079,433.079,1.042458773,0.632742822,72.19924164,5.838737965,66.36050415
820,-2715,433525,433.525,1.042458773,0.632742822,72.19924164,5.838737965,66.36050415
821,-2715,433970,433.97,1.042458773,0.632742822,72.19924164,5.838737965,66.36050415
822,-2715,434415,434.415,1.042458773,0.632742822,72.19924164,5.838737965,66.36050415
823,-2715,434977,434.977,1.042458773,0.632742822,72.19924164,5.838737965,66.36050415
824,-2715,435422,435.422,1.042458773,0.632742822,72.19924164,5.838737965,66.36050415
825,-2716,435867,435.867,1.042458773,0.632742822,72.19924164,5.838737965,66.36050415
826,-2716,436313,436.313,1.042458773,0.632742822,72.19924164,5.838737965,66.36050415
827,-2716,436874,436.874,1.042458773,0.632742822,72.19924164,5.838737965,66.36050415
828,-2716,437319,437.319,1.042458773,0.632742822,72.19924164,5.838737965,66.36050415
829,-2716,437764,437.764,1.042458773,0.632742822,72.19924164,5.838737965,66.36050415
830,-2716,438210,438.21,1.042458773,0.632742822,72.19924164,5.838737965,66.36050415
831,-2716,438771,438.771,1.042458773,0.632742822,72.19924164,5.838737965,66.36050415
832,-2716,439216,439.216,1.082790256,0.617424965,71.89295959,5.23497963,66.65798187
833,-2716,439662,439.662,1.082790256,0.617424965,71.89295959,5.23497963,66.65798187
834,-2717,440223,440.223,1.082790256,0.617424965,71.89295959,5.23497963,66.65798187
835,-2717,440668,440.668,1.082790256,0.617424965,71.89295959,5.23497963,66.65798187
836,-2717,441114,441.114,1.082790256,0.617424965,71.89295959,5.23497963,66.65798187
,-2717,441559,441.559,1.082790256,0.617424965,71.89295959,5.23497963,66.65798187
,-2717,442120,442.12,1.082790256,0.617424965,71.89295959,5.23497963,66.65798187
,-2717,442565,442.565,1.082790256,0.617424965,71.89295959,5.23497963,66.65798187
,-2716,443011,443.011,1.082790256,0.617424965,71.89295959,5.23497963,66.65798187
,-2716,443456,443.456,1.082790256,0.617424965,71.89295959,5.23497963,66.65798187
,-2716,444017,444.017,1.082790256,0.617424965,71.89295959,5.23497963,66.65798187
,-2716,444463,444.463,1.082790256,0.617424965,71.89295959,5.23497963,66.65798187
,-2716,444908,444.908,1.082790256,0.617424965,71.89295959,5.23497963,66.65798187
,-2717,445353,445.353,1.082790256,0.617424965,71.89295959,5.23497963,66.65798187
,-2717,445915,445.915,1.082790256,0.617424965,71.89295959,5.23497963,66.65798187
,-2718,446360,446.36,1.205139399,0.705133498,71.11044312,4.722114086,66.38832855
,-2718,446805,446.805,1.205139399,0.705133498,71.11044312,4.722114086,66.38832855
,-2718,447251,447.251,1.205139399,0.705133498,71.11044312,4.722114086,66.38832855
,-2717,447812,447.812,1.205139399,0.705133498,71.11044312,4.722114086,66.38832855
,-2717,448257,448.257,1.205139399,0.705133498,71.11044312,4.722114086,66.38832855
,-2717,448703,448.703,1.205139399,0.705133498,71.11044312,4.722114086,66.38832855
,-2717,449148,449.148,1.205139399,0.705133498,71.11044312,4.722114086,66.38832855
,-2717,449709,449.709,1.205139399,0.705133498,71.11044312,4.722114086,66.38832855
,-2717,450155,450.155,1.205139399,0.705133498,71.11044312,4.722114086,66.38832855
,-2717,450600,450.6,1.205139399,0.705133498,71.11044312,4.722114086,66.38832855
,-2717,451046,451.046,1.205139399,0.705133498,71.11044312,4.722114086,66.38832855
,-2717,451607,451.607,1.205139399,0.705133498,71.11044312,4.722114086,66.38832855
,-2716,452052,452.052,1.205139399,0.705133498,71.11044312,4.722114086,66.38832855
,-2716,452498,452.498,1.205139399,0.705133498,71.11044312,4.722114086,66.38832855
,-2716,453059,453.059,1.120296121,0.657254815,71.58773041,5.350237846,66.23748779
,-2716,453504,453.504,1.254062653,0.732376337,70.76462555,4.746392727,66.01823425
,-2716,453950,453.95,1.254062653,0.732376337,70.76462555,4.746392727,66.01823425
,-2716,454395,454.395,1.254062653,0.732376337,70.76462555,4.746392727,66.01823425
,-2717,454956,454.956,1.254062653,0.732376337,70.76462555,4.746392727,66.01823425
,-2717,455402,455.402,1.254062653,0.732376337,70.76462555,4.746392727,66.01823425
,-2717,455847,455.847,1.254062653,0.732376337,70.76462555,4.746392727,66.01823425
,-2717,456292,456.292,1.254062653,0.732376337,70.76462555,4.746392727,66.01823425
,-2718,456854,456.854,1.254062653,0.732376337,70.76462555,4.746392727,66.01823425
,-2718,457299,457.299,1.254062653,0.732376337,70.76462555,4.746392727,66.01823425
,-2718,457745,457.745,1.254062653,0.732376337,70.76462555,4.746392727,66.01823425
,-2718,458190,458.19,1.254062653,0.732376337,70.76462555,4.746392727,66.01823425
,-2717,458751,458.751,1.254062653,0.732376337,70.76462555,4.746392727,66.01823425
,-2717,459197,459.197,1.254062653,0.732376337,70.76462555,4.746392727,66.01823425
,-2717,459642,459.642,1.254062653,0.732376337,70.76462555,4.746392727,66.01823425
,-2717,460087,460.087,1.254062653,0.732376337,70.76462555,4.746392727,66.01823425
,-2717,460649,460.649,1.332311511,0.792477846,70.14637756,4.166778564,65.979599
,-2717,461094,461.094,1.332311511,0.792477846,70.14637756,4.166778564,65.979599
,-2717,461540,461.54,1.332311511,0.792477846,70.14637756,4.166778564,65.979599
,-2718,461985,461.985,1.332311511,0.792477846,70.14637756,4.166778564,65.979599
,-2718,462546,462.546,1.332311511,0.792477846,70.14637756,4.166778564,65.979599
,-2718,462992,462.992,1.332311511,0.792477846,70.14637756,4.166778564,65.979599
,-2718,463437,463.437,1.332311511,0.792477846,70.14637756,4.166778564,65.979599
,-2718,463883,463.883,1.332311511,0.792477846,70.14637756,4.166778564,65.979599
,-2718,464444,464.444,1.332311511,0.792477846,70.14637756,4.166778564,65.979599
,-2719,464889,464.889,1.332311511,0.792477846,70.14637756,4.166778564,65.979599
,-2719,465335,465.335,1.332311511,0.792477846,70.14637756,4.166778564,65.979599
,-2719,465780,465.78,1.332311511,0.792477846,70.14637756,4.166778564,65.979599
,-2719,466341,466.341,1.332311511,0.792477846,70.14637756,4.166778564,65.979599
,-2719,466787,466.787,1.332311511,0.792477846,70.14637756,4.166778564,65.979599
,-2719,467232,467.232,1.332311511,0.792477846,70.14637756,4.166778564,65.979599
,-2718,467794,467.794,1.395401239,0.847336113,69.62922668,2.929781437,66.69944763
,-2718,468239,468.239,1.395401239,0.847336113,69.62922668,2.929781437,66.69944763
,-2718,468685,468.685,1.395401239,0.847336113,69.62922668,2.929781437,66.69944763
,-2718,469130,469.13,1.395401239,0.847336113,69.62922668,2.929781437,66.69944763
,-2719,469691,469.691,1.395401239,0.847336113,69.62922668,2.929781437,66.69944763
,-2719,470137,470.137,1.395401239,0.847336113,69.62922668,2.929781437,66.69944763
,-2719,470582,470.582,1.395401239,0.847336113,69.62922668,2.929781437,66.69944763
,-2719,471028,471.028,1.395401239,0.847336113,69.62922668,2.929781437,66.69944763
,-2719,471589,471.589,1.395401239,0.847336113,69.62922668,2.929781437,66.69944763
,-2720,472034,472.034,1.395401239,0.847336113,69.62922668,2.929781437,66.69944763
,-2720,472480,472.48,1.395401239,0.847336113,69.62922668,2.929781437,66.69944763
,-2720,472925,472.925,1.395401239,0.847336113,69.62922668,2.929781437,66.69944763
,-2720,473487,473.487,1.395401239,0.847336113,69.62922668,2.929781437,66.69944763
,-2720,473932,473.932,1.395401239,0.847336113,69.62922668,2.929781437,66.69944763
,-2720,474378,474.378,1.395401239,0.847336113,69.62922668,2.929781437,66.69944763
,-2719,474823,474.823,1.403206348,0.7947613,69.62216187,1.777951121,67.84421539
,-2719,475384,475.384,1.403206348,0.7947613,69.62216187,1.777951121,67.84421539
,-2719,475830,475.83,1.403206348,0.7947613,69.62216187,1.777951121,67.84421539
,-2719,476275,476.275,1.403206348,0.7947613,69.62216187,1.777951121,67.84421539
,-2719,476721,476.721,1.403206348,0.7947613,69.62216187,1.777951121,67.84421539
,-2720,477282,477.282,1.403206348,0.7947613,69.62216187,1.777951121,67.84421539
,-2720,477728,477.728,1.403206348,0.7947613,69.62216187,1.777951121,67.84421539
,-2720,478173,478.173,1.403206348,0.7947613,69.62216187,1.777951121,67.84421539
,-2720,478619,478.619,1.403206348,0.7947613,69.62216187,1.777951121,67.84421539
,-2721,479180,479.18,1.403206348,0.7947613,69.62216187,1.777951121,67.84421539
,-2721,479625,479.625,1.403206348,0.7947613,69.62216187,1.777951121,67.84421539
