id,Elevation,dist_m,dist_km,RMSh,RMSs,pc_pn,pc,pn
0,-2537,0,0,1.82769084,1.439484477,1.597453117,65.77559662,64.17814636
1,-2537,414,0.414,1.82769084,1.439484477,1.597453117,65.77559662,64.17814636
2,-2537,1006,1.006,1.82769084,1.439484477,1.597453117,65.77559662,64.17814636
3,-2537,1433,1.433,1.792394519,1.284469128,1.144027472,66.16226196,65.01823425
4,-2537,2025,2.025,1.792394519,1.284469128,1.144027472,66.16226196,65.01823425
5,-2537,2452,2.452,1.792394519,1.284469128,1.144027472,66.16226196,65.01823425
6,-2537,2879,2.879,1.792394519,1.284469128,1.144027472,66.16226196,65.01823425
7,-2536,3471,3.471,1.792394519,1.284469128,1.144027472,66.16226196,65.01823425
8,-2536,3898,3.898,1.792394519,1.284469128,1.144027472,66.16226196,65.01823425
9,-2538,4325,4.325,1.792394519,1.284469128,1.144027472,66.16226196,65.01823425
10,-2538,4917,4.917,1.792394519,1.284469128,1.144027472,66.16226196,65.01823425
11,-2540,5344,5.344,1.792394519,1.284469128,1.144027472,66.16226196,65.01823425
12,-2540,5936,5.936,1.792394519,1.284469128,1.144027472,66.16226196,65.01823425
13,-2539,6363,6.363,1.792394519,1.284469128,1.144027472,66.16226196,65.01823425
14,-2542,6790,6.79,1.792394519,1.284469128,1.144027472,66.16226196,65.01823425
15,-2546,7382,7.382,1.792394519,1.284469128,1.144027472,66.16226196,65.01823425
16,-2546,7809,7.809,1.792394519,1.284469128,1.144027472,66.16226196,65.01823425
17,-2550,8401,8.401,1.792394519,1.284469128,1.144027472,66.16226196,65.01823425
18,-2551,8828,8.828,1.736909747,1.140383124,0.957277775,66.72953033,65.77225494
19,-2552,9255,9.255,1.736909747,1.140383124,0.957277775,66.72953033,65.77225494
20,-2554,9847,9.847,1.736909747,1.140383124,0.957277775,66.72953033,65.77225494
21,-2556,10274,10.274,1.736909747,1.140383124,0.957277775,66.72953033,65.77225494
22,-2558,10866,10.866,1.736909747,1.140383124,0.957277775,66.72953033,65.77225494
23,-2561,11293,11.293,1.736909747,1.140383124,0.957277775,66.72953033,65.77225494
24,-2562,11720,11.72,1.736909747,1.140383124,0.957277775,66.72953033,65.77225494
25,-2562,12312,12.312,1.736909747,1.140383124,0.957277775,66.72953033,65.77225494
26,-2563,12739,12.739,1.736909747,1.140383124,0.957277775,66.72953033,65.77225494
27,-2563,13166,13.166,1.736909747,1.140383124,0.957277775,66.72953033,65.77225494
28,-2565,13758,13.758,1.736909747,1.140383124,0.957277775,66.72953033,65.77225494
29,-2564,14185,14.185,1.736909747,1.140383124,0.957277775,66.72953033,65.77225494
30,-2565,14777,14.777,1.760028481,1.183449507,0.895331264,66.48808289,65.59275055
31,-2563,15204,15.204,1.760028481,1.183449507,0.895331264,66.48808289,65.59275055
32,-2563,15631,15.631,1.760028481,1.183449507,0.895331264,66.48808289,65.59275055
33,-2568,16223,16.223,1.71266222,1.028329611,0.419262707,66.97431183,66.55504608
34,-2568,16650,16.65,1.71266222,1.028329611,0.419262707,66.97431183,66.55504608
35,-2567,17242,17.242,1.71266222,1.028329611,0.419262707,66.97431183,66.55504608
36,-2567,17669,17.669,1.71266222,1.028329611,0.419262707,66.97431183,66.55504608
37,-2568,18096,18.096,1.71266222,1.028329611,0.419262707,66.97431183,66.55504608
38,-2569,18688,18.688,1.71266222,1.028329611,0.419262707,66.97431183,66.55504608
39,-2570,19115,19.115,1.71266222,1.028329611,0.419262707,66.97431183,66.55504608
40,-2570,19541,19.541,1.71266222,1.028329611,0.419262707,66.97431183,66.55504608
41,-2569,20134,20.134,1.71266222,1.028329611,0.419262707,66.97431183,66.55504608
42,-2569,20561,20.561,1.71266222,1.028329611,0.419262707,66.97431183,66.55504608
43,-2568,21153,21.153,1.71266222,1.028329611,0.419262707,66.97431183,66.55504608
44,-2568,21580,21.58,1.71266222,1.028329611,0.419262707,66.97431183,66.55504608
45,-2567,22007,22.007,1.71266222,1.028329611,0.419262707,66.97431183,66.55504608
46,-2565,22599,22.599,1.71266222,1.028329611,0.419262707,66.97431183,66.55504608
47,-2565,23026,23.026,1.71266222,1.028329611,0.419262707,66.97431183,66.55504608
48,-2565,23618,23.618,1.692779541,0.902486265,-0.304549396,67.16319275,67.46773529
49,-2565,24045,24.045,1.692779541,0.902486265,-0.304549396,67.16319275,67.46773529
50,-2564,24472,24.472,1.692779541,0.902486265,-0.304549396,67.16319275,67.46773529
51,-2563,25064,25.064,1.692779541,0.902486265,-0.304549396,67.16319275,67.46773529
52,-2563,25491,25.491,1.692779541,0.902486265,-0.304549396,67.16319275,67.46773529
53,-2563,26083,26.083,1.692779541,0.902486265,-0.304549396,67.16319275,67.46773529
54,-2563,26510,26.51,1.692779541,0.902486265,-0.304549396,67.16319275,67.46773529
55,-2564,26937,26.937,1.692779541,0.902486265,-0.304549396,67.16319275,67.46773529
56,-2564,27529,27.529,1.692779541,0.902486265,-0.304549396,67.16319275,67.46773529
57,-2566,27956,27.956,1.692779541,0.902486265,-0.304549396,67.16319275,67.46773529
58,-2567,28383,28.383,1.692779541,0.902486265,-0.304549396,67.16319275,67.46773529
59,-2568,28975,28.975,1.692779541,0.902486265,-0.304549396,67.16319275,67.46773529
60,-2569,29402,29.402,1.692779541,0.902486265,-0.304549396,67.16319275,67.46773529
61,-2568,29994,29.994,1.692779541,0.902486265,-0.304549396,67.16319275,67.46773529
62,-2570,30421,30.421,1.692779541,0.902486265,-0.304549396,67.16319275,67.46773529
63,-2570,30848,30.848,1.67891705,0.877707124,-0.369601041,67.28397369,67.65357208
64,-2568,31440,31.44,1.67891705,0.877707124,-0.369601041,67.28397369,67.65357208
65,-2567,31867,31.867,1.67891705,0.877707124,-0.369601041,67.28397369,67.65357208
66,-2566,32459,32.459,1.67891705,0.877707124,-0.369601041,67.28397369,67.65357208
67,-2566,32886,32.886,1.67891705,0.877707124,-0.369601041,67.28397369,67.65357208
68,-2562,33313,33.313,1.67891705,0.877707124,-0.369601041,67.28397369,67.65357208
69,-2566,33905,33.905,1.698155403,0.932427764,-0.673987091,67.03831482,67.71230316
70,-2566,34332,34.332,1.698155403,0.932427764,-0.673987091,67.03831482,67.71230316
71,-2572,34759,34.759,1.698155403,0.932427764,-0.673987091,67.03831482,67.71230316
72,-2575,35351,35.351,1.698155403,0.932427764,-0.673987091,67.03831482,67.71230316
73,-2578,35778,35.778,1.698155403,0.932427764,-0.673987091,67.03831482,67.71230316
74,-2586,36371,36.371,1.698155403,0.932427764,-0.673987091,67.03831482,67.71230316
75,-2592,36797,36.797,1.698155403,0.932427764,-0.673987091,67.03831482,67.71230316
76,-2598,37224,37.224,1.698155403,0.932427764,-0.673987091,67.03831482,67.71230316
77,-2610,37817,37.817,1.698155403,0.932427764,-0.673987091,67.03831482,67.71230316
78,-2616,38244,38.244,1.703471661,1.003679037,-0.495199978,66.95877075,67.45397186
79,-2620,38836,38.836,1.703471661,1.003679037,-0.495199978,66.95877075,67.45397186
80,-2628,39263,39.263,1.703471661,1.003679037,-0.495199978,66.95877075,67.45397186
81,-2632,39690,39.69,1.703471661,1.003679037,-0.495199978,66.95877075,67.45397186
82,-2635,40282,40.282,1.703471661,1.003679037,-0.495199978,66.95877075,67.45397186
83,-2636,40709,40.709,1.703471661,1.003679037,-0.495199978,66.95877075,67.45397186
84,-2636,41301,41.301,1.703471661,1.003679037,-0.495199978,66.95877075,67.45397186
85,-2636,41728,41.728,1.703471661,1.003679037,-0.495199978,66.95877075,67.45397186
86,-2636,42155,42.155,1.703471661,1.003679037,-0.495199978,66.95877075,67.45397186
87,-2636,42747,42.747,1.703471661,1.003679037,-0.495199978,66.95877075,67.45397186
88,-2636,43174,43.174,1.703471661,1.003679037,-0.495199978,66.95877075,67.45397186
89,-2635,43601,43.601,1.703471661,1.003679037,-0.495199978,66.95877075,67.45397186
90,-2635,44193,44.193,1.703471661,1.003679037,-0.495199978,66.95877075,67.45397186
91,-2634,44620,44.62,1.703471661,1.003679037,-0.495199978,66.95877075,67.45397186
92,-2633,45212,45.212,1.698421836,1.070922852,-0.101999886,66.98719788,67.08920288
93,-2631,45639,45.639,1.698421836,1.070922852,-0.101999886,66.98719788,67.08920288
94,-2628,46066,46.066,1.698421836,1.070922852,-0.101999886,66.98719788,67.08920288
95,-2624,46659,46.659,1.698421836,1.070922852,-0.101999886,66.98719788,67.08920288
96,-2619,47086,47.086,1.698421836,1.070922852,-0.101999886,66.98719788,67.08920288
97,-2620,47678,47.678,1.698421836,1.070922852,-0.101999886,66.98719788,67.08920288
98,-2599,48105,48.105,1.698421836,1.070922852,-0.101999886,66.98719788,67.08920288
99,-2583,48532,48.532,1.698421836,1.070922852,-0.101999886,66.98719788,67.08920288
100,-2562,49124,49.124,1.698421836,1.070922852,-0.101999886,66.98719788,67.08920288
101,-2558,49551,49.551,1.698421836,1.070922852,-0.101999886,66.98719788,67.08920288
102,-2553,49978,49.978,1.698421836,1.070922852,-0.101999886,66.98719788,67.08920288
103,-2544,50570,50.57,1.698421836,1.070922852,-0.101999886,66.98719788,67.08920288
104,-2536,50997,50.997,1.698421836,1.070922852,-0.101999886,66.98719788,67.08920288
105,-2534,51589,51.589,1.698421836,1.070922852,-0.101999886,66.98719788,67.08920288
106,-2534,52016,52.016,1.698421836,1.070922852,-0.101999886,66.98719788,67.08920288
107,-2535,52443,52.443,1.738449931,1.171466947,-0.036269937,66.56278229,66.59905243
108,-2535,53035,53.035,1.73765409,1.1622051,0.074121736,66.58739471,66.51327515
109,-2535,53462,53.462,1.73765409,1.1622051,0.074121736,66.58739471,66.51327515
110,-2536,54055,54.055,1.73765409,1.1622051,0.074121736,66.58739471,66.51327515
111,-2535,54482,54.482,1.73765409,1.1622051,0.074121736,66.58739471,66.51327515
112,-2533,54909,54.909,1.73765409,1.1622051,0.074121736,66.58739471,66.51327515
113,-2532,55501,55.501,1.73765409,1.1622051,0.074121736,66.58739471,66.51327515
114,-2527,55928,55.928,1.73765409,1.1622051,0.074121736,66.58739471,66.51327515
115,-2527,56520,56.52,1.73765409,1.1622051,0.074121736,66.58739471,66.51327515
116,-2522,56947,56.947,1.73765409,1.1622051,0.074121736,66.58739471,66.51327515
117,-2526,57374,57.374,1.73765409,1.1622051,0.074121736,66.58739471,66.51327515
118,-2543,57966,57.966,1.73765409,1.1622051,0.074121736,66.58739471,66.51327515
119,-2550,58393,58.393,1.73765409,1.1622051,0.074121736,66.58739471,66.51327515
120,-2560,58820,58.82,1.73765409,1.1622051,0.074121736,66.58739471,66.51327515
121,-2574,59413,59.413,1.73765409,1.1622051,0.074121736,66.58739471,66.51327515
122,-2591,59839,59.839,1.793684363,1.351693153,0.539022386,66.01859283,65.47957611
123,-2598,60432,60.432,1.793684363,1.351693153,0.539022386,66.01859283,65.47957611
124,-2598,60859,60.859,1.793684363,1.351693153,0.539022386,66.01859283,65.47957611
125,-2602,61286,61.286,1.793684363,1.351693153,0.539022386,66.01859283,65.47957611
126,-2601,61878,61.878,1.793684363,1.351693153,0.539022386,66.01859283,65.47957611
127,-2604,62305,62.305,1.793684363,1.351693153,0.539022386,66.01859283,65.47957611
128,-2603,62897,62.897,1.793684363,1.351693153,0.539022386,66.01859283,65.47957611
129,-2606,63324,63.324,1.793684363,1.351693153,0.539022386,66.01859283,65.47957611
130,-2609,63751,63.751,1.793684363,1.351693153,0.539022386,66.01859283,65.47957611
131,-2612,64344,64.344,1.793684363,1.351693153,0.539022386,66.01859283,65.47957611
132,-2617,64770,64.77,1.793684363,1.351693153,0.539022386,66.01859283,65.47957611
133,-2617,65363,65.363,1.793684363,1.351693153,0.539022386,66.01859283,65.47957611
134,-2614,65790,65.79,1.793684363,1.351693153,0.539022386,66.01859283,65.47957611
135,-2616,66217,66.217,1.793684363,1.351693153,0.539022386,66.01859283,65.47957611
136,-2613,66809,66.809,1.793684363,1.351693153,0.539022386,66.01859283,65.47957611
137,-2610,67236,67.236,1.860246658,1.52734375,0.860722601,65.37507629,64.51435089
138,-2606,67663,67.663,1.860246658,1.52734375,0.860722601,65.37507629,64.51435089
139,-2599,68255,68.255,1.860246658,1.52734375,0.860722601,65.37507629,64.51435089
140,-2600,68682,68.682,1.860246658,1.52734375,0.860722601,65.37507629,64.51435089
141,-2613,69275,69.275,1.860246658,1.52734375,0.860722601,65.37507629,64.51435089
142,-2616,69702,69.702,1.860246658,1.52734375,0.860722601,65.37507629,64.51435089
143,-2617,70129,70.129,1.860246658,1.52734375,0.860722601,65.37507629,64.51435089
144,-2616,70721,70.721,1.860246658,1.52734375,0.860722601,65.37507629,64.51435089
145,-2617,71148,71.148,1.860246658,1.52734375,0.860722601,65.37507629,64.51435089
146,-2617,71740,71.74,1.82422471,1.488110781,1.200154901,65.72580719,64.52565765
147,-2618,72167,72.167,1.82422471,1.488110781,1.200154901,65.72580719,64.52565765
148,-2619,72594,72.594,1.82422471,1.488110781,1.200154901,65.72580719,64.52565765
149,-2619,73186,73.186,1.82422471,1.488110781,1.200154901,65.72580719,64.52565765
150,-2619,73613,73.613,1.82422471,1.488110781,1.200154901,65.72580719,64.52565765
151,-2619,74040,74.04,1.82422471,1.488110781,1.200154901,65.72580719,64.52565765
152,-2618,74633,74.633,1.796698093,1.43982625,1.207633853,65.95078278,64.7431488
153,-2617,75060,75.06,1.796698093,1.43982625,1.207633853,65.95078278,64.7431488
154,-2616,75652,75.652,1.796698093,1.43982625,1.207633853,65.95078278,64.7431488
155,-2616,76079,76.079,1.796698093,1.43982625,1.207633853,65.95078278,64.7431488
156,-2616,76506,76.506,1.796698093,1.43982625,1.207633853,65.95078278,64.7431488
157,-2617,77098,77.098,1.796698093,1.43982625,1.207633853,65.95078278,64.7431488
158,-2616,77525,77.525,1.796698093,1.43982625,1.207633853,65.95078278,64.7431488
159,-2617,78118,78.118,1.796698093,1.43982625,1.207633853,65.95078278,64.7431488
160,-2619,78545,78.545,1.796698093,1.43982625,1.207633853,65.95078278,64.7431488
161,-2621,78972,78.972,1.796698093,1.43982625,1.207633853,65.95078278,64.7431488
162,-2618,79564,79.564,1.796698093,1.43982625,1.207633853,65.95078278,64.7431488
163,-2617,79991,79.991,1.796698093,1.43982625,1.207633853,65.95078278,64.7431488
164,-2614,80583,80.583,1.796698093,1.43982625,1.207633853,65.95078278,64.7431488
165,-2611,81010,81.01,1.796698093,1.43982625,1.207633853,65.95078278,64.7431488
166,-2608,81437,81.437,1.796698093,1.43982625,1.207633853,65.95078278,64.7431488
167,-2605,82030,82.03,1.741384864,1.238195658,1.010997891,66.52639008,65.51539612
168,-2605,82457,82.457,1.741384864,1.238195658,1.010997891,66.52639008,65.51539612
169,-2606,82884,82.884,1.741384864,1.238195658,1.010997891,66.52639008,65.51539612
170,-2614,83476,83.476,1.741384864,1.238195658,1.010997891,66.52639008,65.51539612
171,-2612,83903,83.903,1.741384864,1.238195658,1.010997891,66.52639008,65.51539612
172,-2616,84495,84.495,1.741384864,1.238195658,1.010997891,66.52639008,65.51539612
173,-2614,84922,84.922,1.741384864,1.238195658,1.010997891,66.52639008,65.51539612
174,-2610,85349,85.349,1.741384864,1.238195658,1.010997891,66.52639008,65.51539612
175,-2611,85942,85.942,1.741384864,1.238195658,1.010997891,66.52639008,65.51539612
176,-2601,86369,86.369,1.741384864,1.238195658,1.010997891,66.52639008,65.51539612
177,-2618,86961,86.961,1.741384864,1.238195658,1.010997891,66.52639008,65.51539612
178,-2609,87388,87.388,1.741384864,1.238195658,1.010997891,66.52639008,65.51539612
179,-2608,87815,87.815,1.741384864,1.238195658,1.010997891,66.52639008,65.51539612
180,-2630,88408,88.408,1.741384864,1.238195658,1.010997891,66.52639008,65.51539612
181,-2635,88835,88.835,1.741384864,1.238195658,1.010997891,66.52639008,65.51539612
182,-2645,89262,89.262,1.685318828,1.127305031,0.937677741,67.03595734,66.09828186
183,-2661,89854,89.854,1.69040966,1.109342813,0.786192119,66.95729828,66.17110443
184,-2661,90281,90.281,1.69040966,1.109342813,0.786192119,66.95729828,66.17110443
185,-2658,90873,90.873,1.69040966,1.109342813,0.786192119,66.95729828,66.17110443
186,-2658,91300,91.3,1.69040966,1.109342813,0.786192119,66.95729828,66.17110443
187,-2651,91727,91.727,1.69040966,1.109342813,0.786192119,66.95729828,66.17110443
188,-2628,92320,92.32,1.69040966,1.109342813,0.786192119,66.95729828,66.17110443
189,-2627,92747,92.747,1.69040966,1.109342813,0.786192119,66.95729828,66.17110443
190,-2622,93339,93.339,1.69040966,1.109342813,0.786192119,66.95729828,66.17110443
191,-2617,93766,93.766,1.69040966,1.109342813,0.786192119,66.95729828,66.17110443
192,-2600,94193,94.193,1.69040966,1.109342813,0.786192119,66.95729828,66.17110443
193,-2539,94786,94.786,1.69040966,1.109342813,0.786192119,66.95729828,66.17110443
194,-2507,95213,95.213,1.69040966,1.109342813,0.786192119,66.95729828,66.17110443
195,-2512,95805,95.805,1.69040966,1.109342813,0.786192119,66.95729828,66.17110443
196,-2508,96232,96.232,1.69040966,1.109342813,0.786192119,66.95729828,66.17110443
197,-2531,96659,96.659,1.692602515,1.112874985,0.734786987,66.88889313,66.15410614
198,-2621,97251,97.251,1.692602515,1.112874985,0.734786987,66.88889313,66.15410614
199,-2648,97678,97.678,1.692602515,1.112874985,0.734786987,66.88889313,66.15410614
200,-2653,98105,98.105,1.692602515,1.112874985,0.734786987,66.88889313,66.15410614
201,-2654,98698,98.698,1.692602515,1.112874985,0.734786987,66.88889313,66.15410614
202,-2652,99125,99.125,1.692602515,1.112874985,0.734786987,66.88889313,66.15410614
203,-2649,99717,99.717,1.692602515,1.112874985,0.734786987,66.88889313,66.15410614
204,-2649,100144,100.144,1.692602515,1.112874985,0.734786987,66.88889313,66.15410614
205,-2655,100571,100.571,1.692602515,1.112874985,0.734786987,66.88889313,66.15410614
206,-2656,101164,101.164,1.692602515,1.112874985,0.734786987,66.88889313,66.15410614
207,-2659,101591,101.591,1.692602515,1.112874985,0.734786987,66.88889313,66.15410614
208,-2660,102183,102.183,1.692602515,1.112874985,0.734786987,66.88889313,66.15410614
209,-2662,102610,102.61,1.692602515,1.112874985,0.734786987,66.88889313,66.15410614
210,-2663,103037,103.037,1.692602515,1.112874985,0.734786987,66.88889313,66.15410614
211,-2664,103630,103.63,1.692602515,1.112874985,0.734786987,66.88889313,66.15410614
212,-2665,104057,104.057,1.66293335,1.077472329,0.95714879,67.13298798,66.17584229
213,-2665,104484,104.484,1.66293335,1.077472329,0.95714879,67.13298798,66.17584229
214,-2666,105076,105.076,1.66293335,1.077472329,0.95714879,67.13298798,66.17584229
215,-2666,105503,105.503,1.66293335,1.077472329,0.95714879,67.13298798,66.17584229
216,-2667,106095,106.095,1.66293335,1.077472329,0.95714879,67.13298798,66.17584229
217,-2667,106522,106.522,1.66293335,1.077472329,0.95714879,67.13298798,66.17584229
218,-2667,106950,106.95,1.66293335,1.077472329,0.95714879,67.13298798,66.17584229
219,-2668,107542,107.542,1.66293335,1.077472329,0.95714879,67.13298798,66.17584229
220,-2667,107969,107.969,1.66293335,1.077472329,0.95714879,67.13298798,66.17584229
221,-2666,108561,108.561,1.675571442,1.327675462,0.900259733,66.19602966,65.29576874
222,-2666,108988,108.988,1.675571442,1.327675462,0.900259733,66.19602966,65.29576874
223,-2665,109415,109.415,1.675571442,1.327675462,0.900259733,66.19602966,65.29576874
224,-2662,110008,110.008,1.675571442,1.327675462,0.900259733,66.19602966,65.29576874
225,-2659,110435,110.435,1.675571442,1.327675462,0.900259733,66.19602966,65.29576874
226,-2651,111027,111.027,1.675571442,1.327675462,0.900259733,66.19602966,65.29576874
227,-2647,111454,111.454,1.680524468,1.069048047,0.839236677,67.05957794,66.22034454
228,-2644,111881,111.881,1.680524468,1.069048047,0.839236677,67.05957794,66.22034454
229,-2645,112474,112.474,1.680524468,1.069048047,0.839236677,67.05957794,66.22034454
230,-2645,112901,112.901,1.680524468,1.069048047,0.839236677,67.05957794,66.22034454
231,-2645,113328,113.328,1.680524468,1.069048047,0.839236677,67.05957794,66.22034454
232,-2646,113920,113.92,1.680524468,1.069048047,0.839236677,67.05957794,66.22034454
233,-2646,114347,114.347,1.680524468,1.069048047,0.839236677,67.05957794,66.22034454
234,-2645,114940,114.94,1.680524468,1.069048047,0.839236677,67.05957794,66.22034454
235,-2645,115367,115.367,1.680524468,1.069048047,0.839236677,67.05957794,66.22034454
236,-2645,115794,115.794,1.680524468,1.069048047,0.839236677,67.05957794,66.22034454
237,-2645,116386,116.386,1.680524468,1.069048047,0.839236677,67.05957794,66.22034454
238,-2645,116813,116.813,1.680524468,1.069048047,0.839236677,67.05957794,66.22034454
239,-2645,117406,117.406,1.680524468,1.069048047,0.839236677,67.05957794,66.22034454
240,-2645,117833,117.833,1.680524468,1.069048047,0.839236677,67.05957794,66.22034454
241,-2645,118260,118.26,1.680524468,1.069048047,0.839236677,67.05957794,66.22034454
242,-2645,118852,118.852,1.660011649,1.097291827,1.442451715,67.35488129,65.91242981
243,-2645,119279,119.279,1.660011649,1.097291827,1.442451715,67.35488129,65.91242981
244,-2645,119706,119.706,1.660011649,1.097291827,1.442451715,67.35488129,65.91242981
245,-2645,120299,120.299,1.660011649,1.097291827,1.442451715,67.35488129,65.91242981
246,-2645,120726,120.726,1.660011649,1.097291827,1.442451715,67.35488129,65.91242981
247,-2644,121318,121.318,1.660011649,1.097291827,1.442451715,67.35488129,65.91242981
248,-2644,121746,121.746,1.660011649,1.097291827,1.442451715,67.35488129,65.91242981
249,-2644,122173,122.173,1.660011649,1.097291827,1.442451715,67.35488129,65.91242981
250,-2644,122765,122.765,1.660011649,1.097291827,1.442451715,67.35488129,65.91242981
251,-2644,123192,123.192,1.660011649,1.097291827,1.442451715,67.35488129,65.91242981
252,-2644,123785,123.785,1.660011649,1.097291827,1.442451715,67.35488129,65.91242981
253,-2643,124212,124.212,1.660011649,1.097291827,1.442451715,67.35488129,65.91242981
254,-2643,124639,124.639,1.660011649,1.097291827,1.442451715,67.35488129,65.91242981
255,-2643,125231,125.231,1.660011649,1.097291827,1.442451715,67.35488129,65.91242981
256,-2643,125658,125.658,1.660011649,1.097291827,1.442451715,67.35488129,65.91242981
257,-2643,126251,126.251,1.619129896,1.092111468,1.795130968,67.77076721,65.97563934
258,-2643,126678,126.678,1.619129896,1.092111468,1.795130968,67.77076721,65.97563934
259,-2642,127105,127.105,1.619129896,1.092111468,1.795130968,67.77076721,65.97563934
260,-2642,127697,127.697,1.684392571,1.10760963,0.98025322,67.16210175,66.18185425
261,-2643,128124,128.124,1.684392571,1.10760963,0.98025322,67.16210175,66.18185425
262,-2644,128551,128.551,1.684392571,1.10760963,0.98025322,67.16210175,66.18185425
263,-2644,129144,129.144,1.684392571,1.10760963,0.98025322,67.16210175,66.18185425
264,-2644,129571,129.571,1.684392571,1.10760963,0.98025322,67.16210175,66.18185425
265,-2645,130163,130.163,1.684392571,1.10760963,0.98025322,67.16210175,66.18185425
266,-2645,130590,130.59,1.684392571,1.10760963,0.98025322,67.16210175,66.18185425
267,-2645,131017,131.017,1.684392571,1.10760963,0.98025322,67.16210175,66.18185425
268,-2645,131610,131.61,1.684392571,1.10760963,0.98025322,67.16210175,66.18185425
269,-2646,132037,132.037,1.684392571,1.10760963,0.98025322,67.16210175,66.18185425
270,-2645,132630,132.63,1.684392571,1.10760963,0.98025322,67.16210175,66.18185425
271,-2645,133057,133.057,1.684392571,1.10760963,0.98025322,67.16210175,66.18185425
272,-2644,133484,133.484,1.687676311,1.183636189,1.5817734,67.17129517,65.58952332
273,-2644,134076,134.076,1.687676311,1.183636189,1.5817734,67.17129517,65.58952332
274,-2645,134503,134.503,1.687676311,1.183636189,1.5817734,67.17129517,65.58952332
275,-2645,134930,134.93,1.687676311,1.183636189,1.5817734,67.17129517,65.58952332
276,-2644,135523,135.523,1.687676311,1.183636189,1.5817734,67.17129517,65.58952332
277,-2643,135950,135.95,1.687676311,1.183636189,1.5817734,67.17129517,65.58952332
278,-2643,136542,136.542,1.687676311,1.183636189,1.5817734,67.17129517,65.58952332
279,-2642,136969,136.969,1.687676311,1.183636189,1.5817734,67.17129517,65.58952332
280,-2642,137396,137.396,1.687676311,1.183636189,1.5817734,67.17129517,65.58952332
281,-2641,137989,137.989,1.687676311,1.183636189,1.5817734,67.17129517,65.58952332
282,-2642,138416,138.416,1.687676311,1.183636189,1.5817734,67.17129517,65.58952332
283,-2641,139009,139.009,1.687676311,1.183636189,1.5817734,67.17129517,65.58952332
284,-2641,139436,139.436,1.687676311,1.183636189,1.5817734,67.17129517,65.58952332
285,-2642,139863,139.863,1.687676311,1.183636189,1.5817734,67.17129517,65.58952332
286,-2642,140455,140.455,1.687676311,1.183636189,1.5817734,67.17129517,65.58952332
287,-2642,140882,140.882,1.690603018,1.162202358,1.364126682,67.16677856,65.80265808
288,-2642,141475,141.475,1.690603018,1.162202358,1.364126682,67.16677856,65.80265808
289,-2642,141902,141.902,1.690603018,1.162202358,1.364126682,67.16677856,65.80265808
290,-2643,142329,142.329,1.690603018,1.162202358,1.364126682,67.16677856,65.80265808
291,-2644,142921,142.921,1.690603018,1.162202358,1.364126682,67.16677856,65.80265808
292,-2645,143349,143.349,1.690603018,1.162202358,1.364126682,67.16677856,65.80265808
293,-2645,143776,143.776,1.690603018,1.162202358,1.364126682,67.16677856,65.80265808
294,-2646,144368,144.368,1.690603018,1.162202358,1.364126682,67.16677856,65.80265808
295,-2648,144795,144.795,1.690603018,1.162202358,1.364126682,67.16677856,65.80265808
296,-2649,145388,145.388,1.690603018,1.162202358,1.364126682,67.16677856,65.80265808
297,-2651,145815,145.815,1.690603018,1.162202358,1.364126682,67.16677856,65.80265808
298,-2651,146242,146.242,1.690603018,1.162202358,1.364126682,67.16677856,65.80265808
299,-2652,146834,146.834,1.693435431,1.20807147,0.921588898,67.02568817,66.10409546
300,-2653,147261,147.261,1.693435431,1.20807147,0.921588898,67.02568817,66.10409546
301,-2653,147854,147.854,1.693435431,1.20807147,0.921588898,67.02568817,66.10409546
302,-2653,148281,148.281,1.679700017,1.098681688,0.607735872,67.21630859,66.60857391
303,-2652,148708,148.708,1.679700017,1.098681688,0.607735872,67.21630859,66.60857391
304,-2651,149301,149.301,1.679700017,1.098681688,0.607735872,67.21630859,66.60857391
305,-2651,149728,149.728,1.679700017,1.098681688,0.607735872,67.21630859,66.60857391
306,-2651,150155,150.155,1.679700017,1.098681688,0.607735872,67.21630859,66.60857391
307,-2651,150747,150.747,1.679700017,1.098681688,0.607735872,67.21630859,66.60857391
308,-2650,151174,151.174,1.679700017,1.098681688,0.607735872,67.21630859,66.60857391
309,-2649,151767,151.767,1.679700017,1.098681688,0.607735872,67.21630859,66.60857391
310,-2649,152194,152.194,1.679700017,1.098681688,0.607735872,67.21630859,66.60857391
311,-2649,152621,152.621,1.679700017,1.098681688,0.607735872,67.21630859,66.60857391
312,-2648,153214,153.214,1.679700017,1.098681688,0.607735872,67.21630859,66.60857391
313,-2645,153641,153.641,1.679700017,1.098681688,0.607735872,67.21630859,66.60857391
314,-2646,154233,154.233,1.679700017,1.098681688,0.607735872,67.21630859,66.60857391
315,-2643,154660,154.66,1.679700017,1.098681688,0.607735872,67.21630859,66.60857391
316,-2640,155088,155.088,1.679700017,1.098681688,0.607735872,67.21630859,66.60857391
317,-2644,155680,155.68,1.65595746,1.034985662,0.691801906,67.48526764,66.79346466
318,-2644,156107,156.107,1.65595746,1.034985662,0.691801906,67.48526764,66.79346466
319,-2643,156700,156.7,1.65595746,1.034985662,0.691801906,67.48526764,66.79346466
320,-2643,157127,157.127,1.65595746,1.034985662,0.691801906,67.48526764,66.79346466
321,-2643,157554,157.554,1.65595746,1.034985662,0.691801906,67.48526764,66.79346466
322,-2644,158146,158.146,1.65595746,1.034985662,0.691801906,67.48526764,66.79346466
323,-2644,158574,158.574,1.65595746,1.034985662,0.691801906,67.48526764,66.79346466
324,-2644,159001,159.001,1.65595746,1.034985662,0.691801906,67.48526764,66.79346466
325,-2644,159593,159.593,1.65595746,1.034985662,0.691801906,67.48526764,66.79346466
326,-2644,160020,160.02,1.65595746,1.034985662,0.691801906,67.48526764,66.79346466
327,-2645,160613,160.613,1.65595746,1.034985662,0.691801906,67.48526764,66.79346466
328,-2647,161040,161.04,1.65595746,1.034985662,0.691801906,67.48526764,66.79346466
329,-2647,161467,161.467,1.65595746,1.034985662,0.691801906,67.48526764,66.79346466
330,-2648,162060,162.06,1.65595746,1.034985662,0.691801906,67.48526764,66.79346466
331,-2649,162487,162.487,1.65595746,1.034985662,0.691801906,67.48526764,66.79346466
332,-2648,163079,163.079,1.66844058,0.999313951,0.275157601,67.30670166,67.03154755
333,-2649,163506,163.506,1.66844058,0.999313951,0.275157601,67.30670166,67.03154755
334,-2648,163933,163.933,1.66844058,0.999313951,0.275157601,67.30670166,67.03154755
335,-2645,164526,164.526,1.66844058,0.999313951,0.275157601,67.30670166,67.03154755
336,-2643,164953,164.953,1.66844058,0.999313951,0.275157601,67.30670166,67.03154755
337,-2643,165380,165.38,1.66844058,0.999313951,0.275157601,67.30670166,67.03154755
338,-2644,165973,165.973,1.660060287,0.914032221,-0.258105993,67.37753296,67.63563538
339,-2644,166400,166.4,1.660060287,0.914032221,-0.258105993,67.37753296,67.63563538
340,-2642,166992,166.992,1.660060287,0.914032221,-0.258105993,67.37753296,67.63563538
341,-2643,167420,167.42,1.660060287,0.914032221,-0.258105993,67.37753296,67.63563538
342,-2644,167847,167.847,1.660060287,0.914032221,-0.258105993,67.37753296,67.63563538
343,-2647,168439,168.439,1.660060287,0.914032221,-0.258105993,67.37753296,67.63563538
344,-2649,168866,168.866,1.660060287,0.914032221,-0.258105993,67.37753296,67.63563538
345,-2654,169459,169.459,1.660060287,0.914032221,-0.258105993,67.37753296,67.63563538
346,-2657,169886,169.886,1.660060287,0.914032221,-0.258105993,67.37753296,67.63563538
347,-2657,170313,170.313,1.557128787,0.913321853,0.924786508,68.11897278,67.19418335
348,-2665,170906,170.906,1.557128787,0.913321853,0.924786508,68.11897278,67.19418335
349,-2669,171333,171.333,1.557128787,0.913321853,0.924786508,68.11897278,67.19418335
350,-2671,171925,171.925,1.557128787,0.913321853,0.924786508,68.11897278,67.19418335
351,-2675,172353,172.353,1.557128787,0.913321853,0.924786508,68.11897278,67.19418335
352,-2678,172780,172.78,1.557128787,0.913321853,0.924786508,68.11897278,67.19418335
353,-2679,173372,173.372,1.557128787,0.913321853,0.924786508,68.11897278,67.19418335
354,-2682,173799,173.799,1.557128787,0.913321853,0.924786508,68.11897278,67.19418335
355,-2685,174226,174.226,1.557128787,0.913321853,0.924786508,68.11897278,67.19418335
356,-2683,174819,174.819,1.557128787,0.913321853,0.924786508,68.11897278,67.19418335
357,-2688,175246,175.246,1.557128787,0.913321853,0.924786508,68.11897278,67.19418335
358,-2688,175839,175.839,1.557128787,0.913321853,0.924786508,68.11897278,67.19418335
359,-2689,176266,176.266,1.557128787,0.913321853,0.924786508,68.11897278,67.19418335
360,-2690,176693,176.693,1.557128787,0.913321853,0.924786508,68.11897278,67.19418335
361,-2689,177286,177.286,1.557128787,0.913321853,0.924786508,68.11897278,67.19418335
362,-2689,177713,177.713,1.508777976,0.934083462,1.530459404,68.36981201,66.83934784
363,-2689,178305,178.305,1.508777976,0.934083462,1.530459404,68.36981201,66.83934784
364,-2689,178732,178.732,1.508777976,0.934083462,1.530459404,68.36981201,66.83934784
365,-2689,179160,179.16,1.508777976,0.934083462,1.530459404,68.36981201,66.83934784
366,-2688,179752,179.752,1.508777976,0.934083462,1.530459404,68.36981201,66.83934784
367,-2687,180179,180.179,1.508777976,0.934083462,1.530459404,68.36981201,66.83934784
368,-2692,180772,180.772,1.508777976,0.934083462,1.530459404,68.36981201,66.83934784
369,-2689,181199,181.199,1.508777976,0.934083462,1.530459404,68.36981201,66.83934784
370,-2683,181626,181.626,1.508777976,0.934083462,1.530459404,68.36981201,66.83934784
371,-2678,182219,182.219,1.508777976,0.934083462,1.530459404,68.36981201,66.83934784
372,-2678,182646,182.646,1.508777976,0.934083462,1.530459404,68.36981201,66.83934784
373,-2682,183073,183.073,1.508777976,0.934083462,1.530459404,68.36981201,66.83934784
374,-2685,183666,183.666,1.508777976,0.934083462,1.530459404,68.36981201,66.83934784
375,-2694,184093,184.093,1.508777976,0.934083462,1.530459404,68.36981201,66.83934784
376,-2701,184685,184.685,1.416502953,0.771666884,1.605972528,69.2403717,67.63439941
377,-2702,185112,185.112,1.407066226,0.78408134,1.74090302,69.33905029,67.59815216
378,-2702,185540,185.54,1.407066226,0.78408134,1.74090302,69.33905029,67.59815216
379,-2703,186132,186.132,1.407066226,0.78408134,1.74090302,69.33905029,67.59815216
380,-2703,186559,186.559,1.407066226,0.78408134,1.74090302,69.33905029,67.59815216
381,-2704,187152,187.152,1.407066226,0.78408134,1.74090302,69.33905029,67.59815216
382,-2705,187579,187.579,1.407066226,0.78408134,1.74090302,69.33905029,67.59815216
383,-2705,188006,188.006,1.407066226,0.78408134,1.74090302,69.33905029,67.59815216
384,-2705,188599,188.599,1.407066226,0.78408134,1.74090302,69.33905029,67.59815216
385,-2705,189026,189.026,1.407066226,0.78408134,1.74090302,69.33905029,67.59815216
386,-2705,189453,189.453,1.407066226,0.78408134,1.74090302,69.33905029,67.59815216
387,-2704,190046,190.046,1.407066226,0.78408134,1.74090302,69.33905029,67.59815216
388,-2704,190473,190.473,1.407066226,0.78408134,1.74090302,69.33905029,67.59815216
389,-2704,191065,191.065,1.407066226,0.78408134,1.74090302,69.33905029,67.59815216
390,-2704,191493,191.493,1.407066226,0.78408134,1.74090302,69.33905029,67.59815216
391,-2704,191920,191.92,1.407066226,0.78408134,1.74090302,69.33905029,67.59815216
392,-2704,192512,192.512,1.412742138,0.806783497,1.901754379,69.26095581,67.35919952
393,-2704,192939,192.939,1.412742138,0.806783497,1.901754379,69.26095581,67.35919952
394,-2704,193532,193.532,1.412742138,0.806783497,1.901754379,69.26095581,67.35919952
395,-2704,193959,193.959,1.412742138,0.806783497,1.901754379,69.26095581,67.35919952
396,-2704,194386,194.386,1.412742138,0.806783497,1.901754379,69.26095581,67.35919952
397,-2704,194979,194.979,1.412742138,0.806783497,1.901754379,69.26095581,67.35919952
398,-2704,195406,195.406,1.412742138,0.806783497,1.901754379,69.26095581,67.35919952
399,-2704,195999,195.999,1.412742138,0.806783497,1.901754379,69.26095581,67.35919952
400,-2704,196426,196.426,1.412742138,0.806783497,1.901754379,69.26095581,67.35919952
401,-2704,196853,196.853,1.412742138,0.806783497,1.901754379,69.26095581,67.35919952
402,-2705,197446,197.446,1.412742138,0.806783497,1.901754379,69.26095581,67.35919952
403,-2704,197873,197.873,1.412742138,0.806783497,1.901754379,69.26095581,67.35919952
404,-2704,198300,198.3,1.412742138,0.806783497,1.901754379,69.26095581,67.35919952
405,-2704,198893,198.893,1.412742138,0.806783497,1.901754379,69.26095581,67.35919952
406,-2705,199320,199.32,1.412742138,0.806783497,1.901754379,69.26095581,67.35919952
407,-2705,199912,199.912,1.429624319,0.795905173,1.658634663,69.05741119,67.39878082
408,-2705,200340,200.34,1.429624319,0.795905173,1.658634663,69.05741119,67.39878082
409,-2705,200767,200.767,1.429624319,0.795905173,1.658634663,69.05741119,67.39878082
410,-2706,201359,201.359,1.429624319,0.795905173,1.658634663,69.05741119,67.39878082
411,-2706,201786,201.786,1.429624319,0.795905173,1.658634663,69.05741119,67.39878082
412,-2706,202379,202.379,1.429624319,0.795905173,1.658634663,69.05741119,67.39878082
413,-2706,202806,202.806,1.429624319,0.795905173,1.658634663,69.05741119,67.39878082
414,-2706,203233,203.233,1.429624319,0.795905173,1.658634663,69.05741119,67.39878082
415,-2706,203826,203.826,1.255404353,0.533005714,2.15465641,70.67977142,68.52511597
416,-2705,204253,204.253,1.255404353,0.533005714,2.15465641,70.67977142,68.52511597
417,-2705,204680,204.68,1.255404353,0.533005714,2.15465641,70.67977142,68.52511597
418,-2705,205273,205.273,1.255404353,0.533005714,2.15465641,70.67977142,68.52511597
419,-2705,205700,205.7,1.255404353,0.533005714,2.15465641,70.67977142,68.52511597
420,-2705,206293,206.293,1.255404353,0.533005714,2.15465641,70.67977142,68.52511597
421,-2704,206720,206.72,1.255404353,0.533005714,2.15465641,70.67977142,68.52511597
422,-2704,207147,207.147,1.295487642,0.515890181,1.335140109,70.21488953,68.87975311
423,-2705,207740,207.74,1.295487642,0.515890181,1.335140109,70.21488953,68.87975311
424,-2705,208167,208.167,1.295487642,0.515890181,1.335140109,70.21488953,68.87975311
425,-2706,208760,208.76,1.295487642,0.515890181,1.335140109,70.21488953,68.87975311
426,-2706,209187,209.187,1.295487642,0.515890181,1.335140109,70.21488953,68.87975311
427,-2706,209614,209.614,1.295487642,0.515890181,1.335140109,70.21488953,68.87975311
428,-2706,210207,210.207,1.295487642,0.515890181,1.335140109,70.21488953,68.87975311
429,-2706,210634,210.634,1.295487642,0.515890181,1.335140109,70.21488953,68.87975311
430,-2707,211226,211.226,1.295487642,0.515890181,1.335140109,70.21488953,68.87975311
431,-2707,211654,211.654,1.295487642,0.515890181,1.335140109,70.21488953,68.87975311
432,-2707,212081,212.081,1.295487642,0.515890181,1.335140109,70.21488953,68.87975311
433,-2707,212673,212.673,1.295487642,0.515890181,1.335140109,70.21488953,68.87975311
434,-2707,213101,213.101,1.295487642,0.515890181,1.335140109,70.21488953,68.87975311
435,-2707,213528,213.528,1.295487642,0.515890181,1.335140109,70.21488953,68.87975311
436,-2708,214120,214.12,1.295487642,0.515890181,1.335140109,70.21488953,68.87975311
437,-2708,214548,214.548,1.359629512,0.569969416,1.091627002,69.76225281,68.67062378
438,-2709,215140,215.14,1.359629512,0.569969416,1.091627002,69.76225281,68.67062378
439,-2709,215567,215.567,1.359629512,0.569969416,1.091627002,69.76225281,68.67062378
440,-2709,215995,215.995,1.359629512,0.569969416,1.091627002,69.76225281,68.67062378
441,-2710,216587,216.587,1.359629512,0.569969416,1.091627002,69.76225281,68.67062378
442,-2710,217014,217.014,1.359629512,0.569969416,1.091627002,69.76225281,68.67062378
443,-2711,217607,217.607,1.359629512,0.569969416,1.091627002,69.76225281,68.67062378
444,-2711,218034,218.034,1.359629512,0.569969416,1.091627002,69.76225281,68.67062378
445,-2711,218461,218.461,1.359629512,0.569969416,1.091627002,69.76225281,68.67062378
446,-2711,219054,219.054,1.359629512,0.569969416,1.091627002,69.76225281,68.67062378
447,-2711,219481,219.481,1.359629512,0.569969416,1.091627002,69.76225281,68.67062378
448,-2711,219908,219.908,1.359629512,0.569969416,1.091627002,69.76225281,68.67062378
449,-2711,220501,220.501,1.359629512,0.569969416,1.091627002,69.76225281,68.67062378
450,-2711,220928,220.928,1.359629512,0.569969416,1.091627002,69.76225281,68.67062378
451,-2711,221521,221.521,1.359629512,0.569969416,1.091627002,69.76225281,68.67062378
452,-2711,221948,221.948,1.411433458,0.618391454,0.797619402,69.4098587,68.61223602
453,-2712,222375,222.375,1.411433458,0.618391454,0.797619402,69.4098587,68.61223602
454,-2712,222968,222.968,1.26135397,0.529976666,1.934405923,70.54740906,68.61299896
455,-2712,223395,223.395,1.26135397,0.529976666,1.934405923,70.54740906,68.61299896
456,-2711,223988,223.988,1.26135397,0.529976666,1.934405923,70.54740906,68.61299896
457,-2711,224415,224.415,1.26135397,0.529976666,1.934405923,70.54740906,68.61299896
458,-2711,224842,224.842,1.26135397,0.529976666,1.934405923,70.54740906,68.61299896
459,-2711,225435,225.435,1.26135397,0.529976666,1.934405923,70.54740906,68.61299896
460,-2712,225862,225.862,1.26135397,0.529976666,1.934405923,70.54740906,68.61299896
461,-2712,226455,226.455,1.26135397,0.529976666,1.934405923,70.54740906,68.61299896
462,-2705,226882,226.882,1.26135397,0.529976666,1.934405923,70.54740906,68.61299896
463,-2705,227309,227.309,1.26135397,0.529976666,1.934405923,70.54740906,68.61299896
464,-2711,227902,227.902,1.26135397,0.529976666,1.934405923,70.54740906,68.61299896
465,-2716,228329,228.329,1.26135397,0.529976666,1.934405923,70.54740906,68.61299896
466,-2717,228756,228.756,1.328112006,0.619156182,1.804519653,70.08118439,68.27666473
467,-2718,229349,229.349,1.328112006,0.619156182,1.804519653,70.08118439,68.27666473
468,-2718,229776,229.776,1.328112006,0.619156182,1.804519653,70.08118439,68.27666473
469,-2719,230369,230.369,1.328112006,0.619156182,1.804519653,70.08118439,68.27666473
470,-2719,230796,230.796,1.328112006,0.619156182,1.804519653,70.08118439,68.27666473
471,-2718,231223,231.223,1.328112006,0.619156182,1.804519653,70.08118439,68.27666473
472,-2719,231816,231.816,1.328112006,0.619156182,1.804519653,70.08118439,68.27666473
473,-2718,232243,232.243,1.328112006,0.619156182,1.804519653,70.08118439,68.27666473
474,-2718,232836,232.836,1.328112006,0.619156182,1.804519653,70.08118439,68.27666473
475,-2718,233263,233.263,1.328112006,0.619156182,1.804519653,70.08118439,68.27666473
476,-2718,233690,233.69,1.328112006,0.619156182,1.804519653,70.08118439,68.27666473
477,-2719,234283,234.283,1.328112006,0.619156182,1.804519653,70.08118439,68.27666473
478,-2720,234710,234.71,1.328112006,0.619156182,1.804519653,70.08118439,68.27666473
479,-2720,235137,235.137,1.328112006,0.619156182,1.804519653,70.08118439,68.27666473
480,-2720,235730,235.73,1.328112006,0.619156182,1.804519653,70.08118439,68.27666473
481,-2720,236157,236.157,1.369525433,0.707142472,2.057226181,69.87958527,67.82235718
482,-2722,236750,236.75,1.369525433,0.707142472,2.057226181,69.87958527,67.82235718
483,-2722,237177,237.177,1.369525433,0.707142472,2.057226181,69.87958527,67.82235718
484,-2722,237604,237.604,1.369525433,0.707142472,2.057226181,69.87958527,67.82235718
485,-2722,238197,238.197,1.369525433,0.707142472,2.057226181,69.87958527,67.82235718
486,-2722,238624,238.624,1.369525433,0.707142472,2.057226181,69.87958527,67.82235718
487,-2723,239217,239.217,1.369525433,0.707142472,2.057226181,69.87958527,67.82235718
488,-2723,239644,239.644,1.369525433,0.707142472,2.057226181,69.87958527,67.82235718
489,-2724,240071,240.071,1.369525433,0.707142472,2.057226181,69.87958527,67.82235718
490,-2724,240664,240.664,1.369525433,0.707142472,2.057226181,69.87958527,67.82235718
491,-2724,241091,241.091,1.369525433,0.707142472,2.057226181,69.87958527,67.82235718
492,-2724,241684,241.684,1.250891089,0.557620108,2.263974905,70.55081177,68.28684235
493,-2724,242111,242.111,1.250891089,0.557620108,2.263974905,70.55081177,68.28684235
494,-2724,242538,242.538,1.250891089,0.557620108,2.263974905,70.55081177,68.28684235
495,-2724,243131,243.131,1.250891089,0.557620108,2.263974905,70.55081177,68.28684235
496,-2724,243558,243.558,1.24409616,0.631724894,3.129775524,70.74824524,67.61846924
497,-2725,243985,243.985,1.24409616,0.631724894,3.129775524,70.74824524,67.61846924
498,-2726,244578,244.578,1.24409616,0.631724894,3.129775524,70.74824524,67.61846924
499,-2726,245005,245.005,1.24409616,0.631724894,3.129775524,70.74824524,67.61846924
500,-2726,245598,245.598,1.24409616,0.631724894,3.129775524,70.74824524,67.61846924
501,-2725,246025,246.025,1.24409616,0.631724894,3.129775524,70.74824524,67.61846924
502,-2725,246452,246.452,1.24409616,0.631724894,3.129775524,70.74824524,67.61846924
503,-2726,247045,247.045,1.24409616,0.631724894,3.129775524,70.74824524,67.61846924
504,-2726,247472,247.472,1.24409616,0.631724894,3.129775524,70.74824524,67.61846924
505,-2727,248065,248.065,1.24409616,0.631724894,3.129775524,70.74824524,67.61846924
506,-2727,248492,248.492,1.24409616,0.631724894,3.129775524,70.74824524,67.61846924
507,-2727,248919,248.919,1.24409616,0.631724894,3.129775524,70.74824524,67.61846924
508,-2727,249512,249.512,1.24409616,0.631724894,3.129775524,70.74824524,67.61846924
509,-2727,249939,249.939,1.24409616,0.631724894,3.129775524,70.74824524,67.61846924
510,-2727,250366,250.366,1.24409616,0.631724894,3.129775524,70.74824524,67.61846924
511,-2727,250959,250.959,1.274387598,0.737960041,3.583928585,70.54088593,66.95696259
512,-2727,251386,251.386,1.274387598,0.737960041,3.583928585,70.54088593,66.95696259
513,-2727,251979,251.979,1.274387598,0.737960041,3.583928585,70.54088593,66.95696259
514,-2727,252406,252.406,1.274387598,0.737960041,3.583928585,70.54088593,66.95696259
515,-2727,252834,252.834,1.274387598,0.737960041,3.583928585,70.54088593,66.95696259
516,-2727,253426,253.426,1.274387598,0.737960041,3.583928585,70.54088593,66.95696259
517,-2727,253854,253.854,1.274387598,0.737960041,3.583928585,70.54088593,66.95696259
518,-2727,254446,254.446,1.274387598,0.737960041,3.583928585,70.54088593,66.95696259
519,-2728,254873,254.873,1.274387598,0.737960041,3.583928585,70.54088593,66.95696259
520,-2728,255301,255.301,1.274387598,0.737960041,3.583928585,70.54088593,66.95696259
521,-2728,255893,255.893,1.274387598,0.737960041,3.583928585,70.54088593,66.95696259
522,-2729,256321,256.321,1.274387598,0.737960041,3.583928585,70.54088593,66.95696259
523,-2729,256913,256.913,1.274387598,0.737960041,3.583928585,70.54088593,66.95696259
524,-2729,257341,257.341,1.274387598,0.737960041,3.583928585,70.54088593,66.95696259
525,-2729,257768,257.768,1.274387598,0.737960041,3.583928585,70.54088593,66.95696259
526,-2730,258361,258.361,1.308597207,0.777827203,3.478778839,70.44355774,66.96477509
527,-2730,258788,258.788,1.308597207,0.777827203,3.478778839,70.44355774,66.96477509
528,-2731,259215,259.215,1.308597207,0.777827203,3.478778839,70.44355774,66.96477509
529,-2730,259808,259.808,1.308597207,0.777827203,3.478778839,70.44355774,66.96477509
530,-2730,260235,260.235,1.308597207,0.777827203,3.478778839,70.44355774,66.96477509
531,-2731,260828,260.828,1.298435807,0.73034668,3.159515619,70.43743896,67.27792358
532,-2733,261255,261.255,1.298435807,0.73034668,3.159515619,70.43743896,67.27792358
533,-2733,261682,261.682,1.298435807,0.73034668,3.159515619,70.43743896,67.27792358
534,-2733,262275,262.275,1.298435807,0.73034668,3.159515619,70.43743896,67.27792358
535,-2731,262702,262.702,1.298435807,0.73034668,3.159515619,70.43743896,67.27792358
536,-2732,263295,263.295,1.298435807,0.73034668,3.159515619,70.43743896,67.27792358
537,-2732,263722,263.722,1.298435807,0.73034668,3.159515619,70.43743896,67.27792358
538,-2732,264149,264.149,1.298435807,0.73034668,3.159515619,70.43743896,67.27792358
539,-2732,264742,264.742,1.298435807,0.73034668,3.159515619,70.43743896,67.27792358
540,-2732,265169,265.169,1.298435807,0.73034668,3.159515619,70.43743896,67.27792358
541,-2733,265596,265.596,1.321056128,0.745306671,2.80553174,70.39167023,67.58613586
542,-2733,266189,266.189,1.321056128,0.745306671,2.80553174,70.39167023,67.58613586
543,-2733,266616,266.616,1.321056128,0.745306671,2.80553174,70.39167023,67.58613586
544,-2733,267209,267.209,1.321056128,0.745306671,2.80553174,70.39167023,67.58613586
545,-2734,267636,267.636,1.321056128,0.745306671,2.80553174,70.39167023,67.58613586
546,-2734,268064,268.064,1.321056128,0.745306671,2.80553174,70.39167023,67.58613586
547,-2734,268656,268.656,1.321056128,0.745306671,2.80553174,70.39167023,67.58613586
548,-2734,269084,269.084,1.321056128,0.745306671,2.80553174,70.39167023,67.58613586
549,-2734,269676,269.676,1.321056128,0.745306671,2.80553174,70.39167023,67.58613586
550,-2734,270104,270.104,1.321056128,0.745306671,2.80553174,70.39167023,67.58613586
551,-2735,270531,270.531,1.321056128,0.745306671,2.80553174,70.39167023,67.58613586
552,-2735,271124,271.124,1.321056128,0.745306671,2.80553174,70.39167023,67.58613586
553,-2735,271551,271.551,1.321056128,0.745306671,2.80553174,70.39167023,67.58613586
554,-2735,272144,272.144,1.321056128,0.745306671,2.80553174,70.39167023,67.58613586
555,-2735,272571,272.571,1.321056128,0.745306671,2.80553174,70.39167023,67.58613586
556,-2735,272998,272.998,1.31817174,0.750779748,2.969315767,70.47541046,67.50609589
557,-2736,273591,273.591,1.31817174,0.750779748,2.969315767,70.47541046,67.50609589
558,-2736,274018,274.018,1.31817174,0.750779748,2.969315767,70.47541046,67.50609589
559,-2737,274445,274.445,1.31817174,0.750779748,2.969315767,70.47541046,67.50609589
560,-2737,275038,275.038,1.31817174,0.750779748,2.969315767,70.47541046,67.50609589
561,-2737,275465,275.465,1.31817174,0.750779748,2.969315767,70.47541046,67.50609589
562,-2739,276058,276.058,1.31817174,0.750779748,2.969315767,70.47541046,67.50609589
563,-2740,276485,276.485,1.31817174,0.750779748,2.969315767,70.47541046,67.50609589
564,-2740,276913,276.913,1.31817174,0.750779748,2.969315767,70.47541046,67.50609589
565,-2741,277505,277.505,1.31817174,0.750779748,2.969315767,70.47541046,67.50609589
566,-2741,277933,277.933,1.31817174,0.750779748,2.969315767,70.47541046,67.50609589
567,-2743,278525,278.525,1.31817174,0.750779748,2.969315767,70.47541046,67.50609589
568,-2743,278953,278.953,1.31817174,0.750779748,2.969315767,70.47541046,67.50609589
569,-2743,279380,279.38,1.31817174,0.750779748,2.969315767,70.47541046,67.50609589
570,-2743,279973,279.973,1.297707558,0.668759465,2.647705555,70.61965942,67.97195435
571,-2743,280400,280.4,1.307030082,0.626296043,2.121827126,70.57893372,68.45710754
572,-2743,280993,280.993,1.307030082,0.626296043,2.121827126,70.57893372,68.45710754
573,-2744,281420,281.42,1.307030082,0.626296043,2.121827126,70.57893372,68.45710754
574,-2744,281847,281.847,1.307030082,0.626296043,2.121827126,70.57893372,68.45710754
575,-2746,282440,282.44,1.307030082,0.626296043,2.121827126,70.57893372,68.45710754
576,-2747,282867,282.867,1.307030082,0.626296043,2.121827126,70.57893372,68.45710754
577,-2747,283294,283.294,1.307030082,0.626296043,2.121827126,70.57893372,68.45710754
578,-2749,283887,283.887,1.307030082,0.626296043,2.121827126,70.57893372,68.45710754
579,-2749,284314,284.314,1.307030082,0.626296043,2.121827126,70.57893372,68.45710754
580,-2749,284907,284.907,1.307030082,0.626296043,2.121827126,70.57893372,68.45710754
581,-2749,285334,285.334,1.307030082,0.626296043,2.121827126,70.57893372,68.45710754
582,-2748,285762,285.762,1.307030082,0.626296043,2.121827126,70.57893372,68.45710754
583,-2748,286354,286.354,1.307030082,0.626296043,2.121827126,70.57893372,68.45710754
584,-2748,286782,286.782,1.307030082,0.626296043,2.121827126,70.57893372,68.45710754
585,-2749,287374,287.374,1.307030082,0.626296043,2.121827126,70.57893372,68.45710754
586,-2749,287802,287.802,1.378190637,0.677772641,1.576131582,69.96063232,68.38450623
587,-2749,288229,288.229,1.378190637,0.677772641,1.576131582,69.96063232,68.38450623
588,-2749,288822,288.822,1.378190637,0.677772641,1.576131582,69.96063232,68.38450623
589,-2749,289249,289.249,1.378190637,0.677772641,1.576131582,69.96063232,68.38450623
590,-2749,289676,289.676,1.378190637,0.677772641,1.576131582,69.96063232,68.38450623
591,-2749,290269,290.269,1.378190637,0.677772641,1.576131582,69.96063232,68.38450623
592,-2750,290696,290.696,1.378190637,0.677772641,1.576131582,69.96063232,68.38450623
593,-2750,291289,291.289,1.378190637,0.677772641,1.576131582,69.96063232,68.38450623
594,-2750,291716,291.716,1.378190637,0.677772641,1.576131582,69.96063232,68.38450623
595,-2751,292144,292.144,1.378190637,0.677772641,1.576131582,69.96063232,68.38450623
596,-2752,292736,292.736,1.378190637,0.677772641,1.576131582,69.96063232,68.38450623
597,-2752,293164,293.164,1.378190637,0.677772641,1.576131582,69.96063232,68.38450623
598,-2751,293756,293.756,1.378190637,0.677772641,1.576131582,69.96063232,68.38450623
599,-2752,294184,294.184,1.378190637,0.677772641,1.576131582,69.96063232,68.38450623
600,-2752,294611,294.611,1.378190637,0.677772641,1.576131582,69.96063232,68.38450623
601,-2752,295204,295.204,1.462139964,0.70313704,0.560032427,69.23519135,68.67516327
602,-2752,295631,295.631,1.462139964,0.70313704,0.560032427,69.23519135,68.67516327
603,-2752,296224,296.224,1.462139964,0.70313704,0.560032427,69.23519135,68.67516327
604,-2752,296651,296.651,1.462139964,0.70313704,0.560032427,69.23519135,68.67516327
605,-2752,297078,297.078,1.462139964,0.70313704,0.560032427,69.23519135,68.67516327
606,-2753,297671,297.671,1.462139964,0.70313704,0.560032427,69.23519135,68.67516327
607,-2753,298098,298.098,1.462139964,0.70313704,0.560032427,69.23519135,68.67516327
608,-2753,298526,298.526,1.462139964,0.70313704,0.560032427,69.23519135,68.67516327
609,-2753,299118,299.118,1.360806704,0.52793026,0.251094401,70.03368378,69.78259277
610,-2753,299546,299.546,1.360806704,0.52793026,0.251094401,70.03368378,69.78259277
611,-2753,300138,300.138,1.360806704,0.52793026,0.251094401,70.03368378,69.78259277
612,-2754,300566,300.566,1.360806704,0.52793026,0.251094401,70.03368378,69.78259277
613,-2755,300993,300.993,1.360806704,0.52793026,0.251094401,70.03368378,69.78259277
614,-2756,301586,301.586,1.360806704,0.52793026,0.251094401,70.03368378,69.78259277
615,-2756,302013,302.013,1.360806704,0.52793026,0.251094401,70.03368378,69.78259277
616,-2756,302606,302.606,1.432105541,0.527303398,-0.61279887,69.46518707,70.07798767
617,-2756,303033,303.033,1.432105541,0.527303398,-0.61279887,69.46518707,70.07798767
618,-2756,303460,303.46,1.432105541,0.527303398,-0.61279887,69.46518707,70.07798767
619,-2757,304053,304.053,1.432105541,0.527303398,-0.61279887,69.46518707,70.07798767
620,-2757,304480,304.48,1.432105541,0.527303398,-0.61279887,69.46518707,70.07798767
621,-2757,304908,304.908,1.432105541,0.527303398,-0.61279887,69.46518707,70.07798767
622,-2758,305500,305.5,1.432105541,0.527303398,-0.61279887,69.46518707,70.07798767
623,-2758,305928,305.928,1.432105541,0.527303398,-0.61279887,69.46518707,70.07798767
624,-2758,306521,306.521,1.432105541,0.527303398,-0.61279887,69.46518707,70.07798767
625,-2759,306948,306.948,1.432105541,0.527303398,-0.61279887,69.46518707,70.07798767
626,-2759,307375,307.375,1.432105541,0.527303398,-0.61279887,69.46518707,70.07798767
627,-2760,307968,307.968,1.432105541,0.527303398,-0.61279887,69.46518707,70.07798767
628,-2760,308395,308.395,1.432105541,0.527303398,-0.61279887,69.46518707,70.07798767
629,-2761,308988,308.988,1.432105541,0.527303398,-0.61279887,69.46518707,70.07798767
630,-2761,309415,309.415,1.432105541,0.527303398,-0.61279887,69.46518707,70.07798767
631,-2761,309842,309.842,1.474111199,0.575802922,-0.813052177,69.05091095,69.86396027
632,-2761,310435,310.435,1.474111199,0.575802922,-0.813052177,69.05091095,69.86396027
633,-2761,310863,310.863,1.474111199,0.575802922,-0.813052177,69.05091095,69.86396027
634,-2762,311455,311.455,1.474111199,0.575802922,-0.813052177,69.05091095,69.86396027
635,-2762,311883,311.883,1.474111199,0.575802922,-0.813052177,69.05091095,69.86396027
636,-2762,312310,312.31,1.474111199,0.575802922,-0.813052177,69.05091095,69.86396027
637,-2763,312903,312.903,1.474111199,0.575802922,-0.813052177,69.05091095,69.86396027
638,-2763,313330,313.33,1.474111199,0.575802922,-0.813052177,69.05091095,69.86396027
639,-2762,313757,313.757,1.474111199,0.575802922,-0.813052177,69.05091095,69.86396027
640,-2763,314350,314.35,1.474111199,0.575802922,-0.813052177,69.05091095,69.86396027
641,-2763,314777,314.777,1.474111199,0.575802922,-0.813052177,69.05091095,69.86396027
642,-2764,315370,315.37,1.474111199,0.575802922,-0.813052177,69.05091095,69.86396027
643,-2765,315797,315.797,1.474111199,0.575802922,-0.813052177,69.05091095,69.86396027
644,-2765,316225,316.225,1.474111199,0.575802922,-0.813052177,69.05091095,69.86396027
645,-2765,316818,316.818,1.474111199,0.575802922,-0.813052177,69.05091095,69.86396027
646,-2765,317245,317.245,1.483590961,0.683339238,-0.173927978,68.9006424,69.0745697
647,-2766,317838,317.838,1.439510107,0.484016836,-1.292509437,69.25144958,70.54396057
648,-2766,318265,318.265,1.439510107,0.484016836,-1.292509437,69.25144958,70.54396057
649,-2767,318692,318.692,1.439510107,0.484016836,-1.292509437,69.25144958,70.54396057
650,-2768,319285,319.285,1.439510107,0.484016836,-1.292509437,69.25144958,70.54396057
651,-2769,319712,319.712,1.439510107,0.484016836,-1.292509437,69.25144958,70.54396057
652,-2769,320140,320.14,1.439510107,0.484016836,-1.292509437,69.25144958,70.54396057
653,-2769,320732,320.732,1.439510107,0.484016836,-1.292509437,69.25144958,70.54396057
654,-2768,321160,321.16,1.439510107,0.484016836,-1.292509437,69.25144958,70.54396057
655,-2768,321753,321.753,1.439510107,0.484016836,-1.292509437,69.25144958,70.54396057
656,-2767,322180,322.18,1.439510107,0.484016836,-1.292509437,69.25144958,70.54396057
657,-2766,322607,322.607,1.439510107,0.484016836,-1.292509437,69.25144958,70.54396057
658,-2767,323200,323.2,1.439510107,0.484016836,-1.292509437,69.25144958,70.54396057
659,-2767,323627,323.627,1.439510107,0.484016836,-1.292509437,69.25144958,70.54396057
660,-2769,324220,324.22,1.439510107,0.484016836,-1.292509437,69.25144958,70.54396057
661,-2769,324647,324.647,1.37815392,0.487738013,-0.404789865,69.68733978,70.09213257
662,-2769,325075,325.075,1.37815392,0.487738013,-0.404789865,69.68733978,70.09213257
663,-2769,325667,325.667,1.37815392,0.487738013,-0.404789865,69.68733978,70.09213257
664,-2767,326095,326.095,1.37815392,0.487738013,-0.404789865,69.68733978,70.09213257
665,-2767,326688,326.688,1.37815392,0.487738013,-0.404789865,69.68733978,70.09213257
666,-2767,327115,327.115,1.37815392,0.487738013,-0.404789865,69.68733978,70.09213257
667,-2767,327542,327.542,1.37815392,0.487738013,-0.404789865,69.68733978,70.09213257
668,-2767,328135,328.135,1.37815392,0.487738013,-0.404789865,69.68733978,70.09213257
669,-2768,328562,328.562,1.37815392,0.487738013,-0.404789865,69.68733978,70.09213257
670,-2769,328990,328.99,1.37815392,0.487738013,-0.404789865,69.68733978,70.09213257
671,-2769,329582,329.582,1.37815392,0.487738013,-0.404789865,69.68733978,70.09213257
672,-2770,330010,330.01,1.37815392,0.487738013,-0.404789865,69.68733978,70.09213257
673,-2770,330603,330.603,1.37815392,0.487738013,-0.404789865,69.68733978,70.09213257
674,-2770,331030,331.03,1.37815392,0.487738013,-0.404789865,69.68733978,70.09213257
675,-2769,331457,331.457,1.37815392,0.487738013,-0.404789865,69.68733978,70.09213257
676,-2767,332050,332.05,1.382298708,0.541518033,0.078155734,69.54535675,69.46720123
677,-2767,332477,332.477,1.382298708,0.541518033,0.078155734,69.54535675,69.46720123
678,-2767,333070,333.07,1.382298708,0.541518033,0.078155734,69.54535675,69.46720123
679,-2767,333497,333.497,1.382298708,0.541518033,0.078155734,69.54535675,69.46720123
680,-2767,333925,333.925,1.382298708,0.541518033,0.078155734,69.54535675,69.46720123
681,-2769,334517,334.517,1.382298708,0.541518033,0.078155734,69.54535675,69.46720123
682,-2770,334945,334.945,1.382298708,0.541518033,0.078155734,69.54535675,69.46720123
683,-2770,335372,335.372,1.382298708,0.541518033,0.078155734,69.54535675,69.46720123
684,-2771,335965,335.965,1.382298708,0.541518033,0.078155734,69.54535675,69.46720123
685,-2770,336392,336.392,1.382298708,0.541518033,0.078155734,69.54535675,69.46720123
686,-2770,336985,336.985,1.312234879,0.476534158,0.223000884,70.0819397,69.85894012
687,-2772,337412,337.412,1.312234879,0.476534158,0.223000884,70.0819397,69.85894012
688,-2772,337840,337.84,1.312234879,0.476534158,0.223000884,70.0819397,69.85894012
689,-2772,338433,338.433,1.312234879,0.476534158,0.223000884,70.0819397,69.85894012
690,-2773,338860,338.86,1.312234879,0.476534158,0.223000884,70.0819397,69.85894012
691,-2773,339453,339.453,1.281333685,0.468466908,0.734588444,70.2747345,69.54014587
692,-2773,339880,339.88,1.281333685,0.468466908,0.734588444,70.2747345,69.54014587
693,-2773,340307,340.307,1.281333685,0.468466908,0.734588444,70.2747345,69.54014587
694,-2773,340900,340.9,1.281333685,0.468466908,0.734588444,70.2747345,69.54014587
695,-2773,341327,341.327,1.281333685,0.468466908,0.734588444,70.2747345,69.54014587
696,-2773,341920,341.92,1.281333685,0.468466908,0.734588444,70.2747345,69.54014587
697,-2773,342348,342.348,1.281333685,0.468466908,0.734588444,70.2747345,69.54014587
698,-2772,342775,342.775,1.281333685,0.468466908,0.734588444,70.2747345,69.54014587
699,-2772,343368,343.368,1.281333685,0.468466908,0.734588444,70.2747345,69.54014587
700,-2772,343795,343.795,1.281333685,0.468466908,0.734588444,70.2747345,69.54014587
701,-2772,344222,344.222,1.281333685,0.468466908,0.734588444,70.2747345,69.54014587
702,-2771,344815,344.815,1.281333685,0.468466908,0.734588444,70.2747345,69.54014587
703,-2771,345242,345.242,1.281333685,0.468466908,0.734588444,70.2747345,69.54014587
704,-2771,345835,345.835,1.281333685,0.468466908,0.734588444,70.2747345,69.54014587
705,-2771,346263,346.263,1.281333685,0.468466908,0.734588444,70.2747345,69.54014587
706,-2771,346690,346.69,1.223342538,0.449498147,1.45071578,70.70209503,69.25138092
707,-2771,347283,347.283,1.223342538,0.449498147,1.45071578,70.70209503,69.25138092
708,-2771,347710,347.71,1.223342538,0.449498147,1.45071578,70.70209503,69.25138092
709,-2771,348303,348.303,1.223342538,0.449498147,1.45071578,70.70209503,69.25138092
710,-2772,348730,348.73,1.223342538,0.449498147,1.45071578,70.70209503,69.25138092
711,-2772,349158,349.158,1.223342538,0.449498147,1.45071578,70.70209503,69.25138092
712,-2771,349750,349.75,1.223342538,0.449498147,1.45071578,70.70209503,69.25138092
713,-2771,350178,350.178,1.223342538,0.449498147,1.45071578,70.70209503,69.25138092
714,-2772,350605,350.605,1.223342538,0.449498147,1.45071578,70.70209503,69.25138092
715,-2772,351198,351.198,1.223342538,0.449498147,1.45071578,70.70209503,69.25138092
716,-2769,351625,351.625,1.223342538,0.449498147,1.45071578,70.70209503,69.25138092
717,-2766,352218,352.218,1.223342538,0.449498147,1.45071578,70.70209503,69.25138092
718,-2767,352645,352.645,1.223342538,0.449498147,1.45071578,70.70209503,69.25138092
719,-2770,353073,353.073,1.223342538,0.449498147,1.45071578,70.70209503,69.25138092
720,-2773,353666,353.666,1.223342538,0.449498147,1.45071578,70.70209503,69.25138092
721,-2773,354093,354.093,1.153277159,0.450274825,2.371794224,71.25538635,68.8835907
722,-2773,354686,354.686,1.153277159,0.450274825,2.371794224,71.25538635,68.8835907
723,-2772,355113,355.113,1.153277159,0.450274825,2.371794224,71.25538635,68.8835907
724,-2772,355540,355.54,1.153277159,0.450274825,2.371794224,71.25538635,68.8835907
725,-2771,356133,356.133,1.056303263,0.335528016,2.469711304,71.83867645,69.36896515
726,-2771,356561,356.561,1.056303263,0.335528016,2.469711304,71.83867645,69.36896515
727,-2771,357153,357.153,1.056303263,0.335528016,2.469711304,71.83867645,69.36896515
728,-2771,357581,357.581,1.056303263,0.335528016,2.469711304,71.83867645,69.36896515
729,-2771,358008,358.008,1.056303263,0.335528016,2.469711304,71.83867645,69.36896515
730,-2771,358601,358.601,1.056303263,0.335528016,2.469711304,71.83867645,69.36896515
731,-2771,359028,359.028,1.056303263,0.335528016,2.469711304,71.83867645,69.36896515
732,-2771,359456,359.456,1.056303263,0.335528016,2.469711304,71.83867645,69.36896515
733,-2771,360048,360.048,1.056303263,0.335528016,2.469711304,71.83867645,69.36896515
734,-2771,360476,360.476,1.056303263,0.335528016,2.469711304,71.83867645,69.36896515
735,-2771,361069,361.069,1.056303263,0.335528016,2.469711304,71.83867645,69.36896515
736,-2771,361496,361.496,1.044856906,0.389220476,3.219013214,72.14688873,68.92787933
737,-2772,361923,361.923,1.044856906,0.389220476,3.219013214,72.14688873,68.92787933
738,-2772,362516,362.516,1.044856906,0.389220476,3.219013214,72.14688873,68.92787933
739,-2772,362943,362.943,1.044856906,0.389220476,3.219013214,72.14688873,68.92787933
740,-2772,363536,363.536,1.044856906,0.389220476,3.219013214,72.14688873,68.92787933
741,-2772,363964,363.964,1.044856906,0.389220476,3.219013214,72.14688873,68.92787933
742,-2772,364391,364.391,1.044856906,0.389220476,3.219013214,72.14688873,68.92787933
743,-2772,364984,364.984,1.044856906,0.389220476,3.219013214,72.14688873,68.92787933
744,-2772,365411,365.411,1.044856906,0.389220476,3.219013214,72.14688873,68.92787933
745,-2772,365838,365.838,1.044856906,0.389220476,3.219013214,72.14688873,68.92787933
746,-2773,366431,366.431,1.044856906,0.389220476,3.219013214,72.14688873,68.92787933
747,-2773,366859,366.859,1.044856906,0.389220476,3.219013214,72.14688873,68.92787933
748,-2773,367452,367.452,1.044856906,0.389220476,3.219013214,72.14688873,68.92787933
749,-2773,367879,367.879,1.044856906,0.389220476,3.219013214,72.14688873,68.92787933
750,-2772,368306,368.306,1.044856906,0.389220476,3.219013214,72.14688873,68.92787933
751,-2773,368899,368.899,1.082944274,0.412535965,3.165729284,72.01098633,68.84525299
752,-2773,369326,369.326,1.082944274,0.412535965,3.165729284,72.01098633,68.84525299
753,-2773,369919,369.919,1.082944274,0.412535965,3.165729284,72.01098633,68.84525299
754,-2773,370347,370.347,1.082944274,0.412535965,3.165729284,72.01098633,68.84525299
755,-2773,370774,370.774,1.082944274,0.412535965,3.165729284,72.01098633,68.84525299
756,-2774,371367,371.367,1.082944274,0.412535965,3.165729284,72.01098633,68.84525299
757,-2774,371794,371.794,1.082944274,0.412535965,3.165729284,72.01098633,68.84525299
758,-2774,372387,372.387,1.082944274,0.412535965,3.165729284,72.01098633,68.84525299
759,-2775,372814,372.814,1.082944274,0.412535965,3.165729284,72.01098633,68.84525299
760,-2776,373242,373.242,1.082944274,0.412535965,3.165729284,72.01098633,68.84525299
761,-2777,373835,373.835,1.082944274,0.412535965,3.165729284,72.01098633,68.84525299
762,-2777,374262,374.262,1.082944274,0.412535965,3.165729284,72.01098633,68.84525299
763,-2777,374689,374.689,1.082944274,0.412535965,3.165729284,72.01098633,68.84525299
764,-2777,375282,375.282,1.045907497,0.388303906,3.219700813,72.31803131,69.09832764
765,-2777,375709,375.709,1.045907497,0.388303906,3.219700813,72.31803131,69.09832764
766,-2777,376302,376.302,1.091607928,0.413645416,2.988661051,72.01315308,69.02449036
767,-2777,376730,376.73,1.091607928,0.413645416,2.988661051,72.01315308,69.02449036
768,-2777,377157,377.157,1.091607928,0.413645416,2.988661051,72.01315308,69.02449036
769,-2778,377750,377.75,1.091607928,0.413645416,2.988661051,72.01315308,69.02449036
770,-2778,378177,378.177,1.091607928,0.413645416,2.988661051,72.01315308,69.02449036
771,-2778,378770,378.77,1.091607928,0.413645416,2.988661051,72.01315308,69.02449036
772,-2778,379197,379.197,1.091607928,0.413645416,2.988661051,72.01315308,69.02449036
773,-2778,379625,379.625,1.091607928,0.413645416,2.988661051,72.01315308,69.02449036
774,-2779,380218,380.218,1.091607928,0.413645416,2.988661051,72.01315308,69.02449036
775,-2779,380645,380.645,1.091607928,0.413645416,2.988661051,72.01315308,69.02449036
776,-2779,381072,381.072,1.091607928,0.413645416,2.988661051,72.01315308,69.02449036
777,-2779,381665,381.665,1.091607928,0.413645416,2.988661051,72.01315308,69.02449036
778,-2780,382093,382.093,1.091607928,0.413645416,2.988661051,72.01315308,69.02449036
779,-2780,382685,382.685,1.091607928,0.413645416,2.988661051,72.01315308,69.02449036
780,-2780,383113,383.113,1.091607928,0.413645416,2.988661051,72.01315308,69.02449036
781,-2781,383540,383.54,1.196030855,0.445477396,1.913845301,71.15446472,69.24062347
782,-2782,384133,384.133,1.196030855,0.445477396,1.913845301,71.15446472,69.24062347
783,-2782,384560,384.56,1.196030855,0.445477396,1.913845301,71.15446472,69.24062347
784,-2782,385153,385.153,1.196030855,0.445477396,1.913845301,71.15446472,69.24062347
785,-2782,385581,385.581,1.196030855,0.445477396,1.913845301,71.15446472,69.24062347
786,-2782,386008,386.008,1.196030855,0.445477396,1.913845301,71.15446472,69.24062347
787,-2782,386601,386.601,1.196030855,0.445477396,1.913845301,71.15446472,69.24062347
788,-2783,387028,387.028,1.196030855,0.445477396,1.913845301,71.15446472,69.24062347
789,-2783,387621,387.621,1.196030855,0.445477396,1.913845301,71.15446472,69.24062347
790,-2783,388048,388.048,1.196030855,0.445477396,1.913845301,71.15446472,69.24062347
791,-2784,388476,388.476,1.196030855,0.445477396,1.913845301,71.15446472,69.24062347
792,-2784,389069,389.069,1.196030855,0.445477396,1.913845301,71.15446472,69.24062347
793,-2784,389496,389.496,1.196030855,0.445477396,1.913845301,71.15446472,69.24062347
794,-2785,389923,389.923,1.196030855,0.445477396,1.913845301,71.15446472,69.24062347
795,-2786,390516,390.516,1.196030855,0.445477396,1.913845301,71.15446472,69.24062347
796,-2786,390943,390.943,1.327793598,0.549016595,0.928537607,70.08282471,69.15428925
797,-2787,391536,391.536,1.327793598,0.549016595,0.928537607,70.08282471,69.15428925
798,-2788,391964,391.964,1.327793598,0.549016595,0.928537607,70.08282471,69.15428925
799,-2787,392391,392.391,1.327793598,0.549016595,0.928537607,70.08282471,69.15428925
800,-2787,392984,392.984,1.327793598,0.549016595,0.928537607,70.08282471,69.15428925
801,-2788,393411,393.411,1.327793598,0.549016595,0.928537607,70.08282471,69.15428925
802,-2788,394004,394.004,1.260916948,0.477176845,1.36199224,70.72395325,69.36196136
803,-2788,394432,394.432,1.260916948,0.477176845,1.36199224,70.72395325,69.36196136
804,-2788,394859,394.859,1.260916948,0.477176845,1.36199224,70.72395325,69.36196136
805,-2789,395452,395.452,1.260916948,0.477176845,1.36199224,70.72395325,69.36196136
806,-2788,395879,395.879,1.260916948,0.477176845,1.36199224,70.72395325,69.36196136
807,-2788,396472,396.472,1.260916948,0.477176845,1.36199224,70.72395325,69.36196136
808,-2789,396899,396.899,1.260916948,0.477176845,1.36199224,70.72395325,69.36196136
809,-2789,397327,397.327,1.260916948,0.477176845,1.36199224,70.72395325,69.36196136
810,-2789,397920,397.92,1.260916948,0.477176845,1.36199224,70.72395325,69.36196136
811,-2789,398347,398.347,1.314882755,0.522955,0.801316082,70.16496277,69.36364746
812,-2789,398774,398.774,1.314882755,0.522955,0.801316082,70.16496277,69.36364746
813,-2790,399367,399.367,1.314882755,0.522955,0.801316082,70.16496277,69.36364746
814,-2790,399795,399.795,1.314882755,0.522955,0.801316082,70.16496277,69.36364746
815,-2791,400387,400.387,1.314882755,0.522955,0.801316082,70.16496277,69.36364746
816,-2791,400815,400.815,1.314882755,0.522955,0.801316082,70.16496277,69.36364746
817,-2792,401242,401.242,1.314882755,0.522955,0.801316082,70.16496277,69.36364746
818,-2792,401835,401.835,1.314882755,0.522955,0.801316082,70.16496277,69.36364746
819,-2792,402262,402.262,1.314882755,0.522955,0.801316082,70.16496277,69.36364746
820,-2792,402855,402.855,1.314882755,0.522955,0.801316082,70.16496277,69.36364746
821,-2792,403283,403.283,1.314882755,0.522955,0.801316082,70.16496277,69.36364746
822,-2792,403710,403.71,1.314882755,0.522955,0.801316082,70.16496277,69.36364746
823,-2793,404303,404.303,1.314882755,0.522955,0.801316082,70.16496277,69.36364746
824,-2793,404730,404.73,1.314882755,0.522955,0.801316082,70.16496277,69.36364746
825,-2793,405158,405.158,1.349651575,0.581876516,0.688384831,69.80677795,69.11839294
826,-2794,405751,405.751,1.349651575,0.581876516,0.688384831,69.80677795,69.11839294
827,-2795,406178,406.178,1.349651575,0.581876516,0.688384831,69.80677795,69.11839294
828,-2799,406771,406.771,1.349651575,0.581876516,0.688384831,69.80677795,69.11839294
829,-2799,407198,407.198,1.349651575,0.581876516,0.688384831,69.80677795,69.11839294
830,-2799,407626,407.626,1.349651575,0.581876516,0.688384831,69.80677795,69.11839294
831,-2800,408218,408.218,1.349651575,0.581876516,0.688384831,69.80677795,69.11839294
832,-2799,408646,408.646,1.349651575,0.581876516,0.688384831,69.80677795,69.11839294
833,-2800,409239,409.239,1.349651575,0.581876516,0.688384831,69.80677795,69.11839294
834,-2799,409666,409.666,1.349651575,0.581876516,0.688384831,69.80677795,69.11839294
835,-2798,410093,410.093,1.349651575,0.581876516,0.688384831,69.80677795,69.11839294
836,-2796,410686,410.686,1.349651575,0.581876516,0.688384831,69.80677795,69.11839294
837,-2795,411114,411.114,1.349651575,0.581876516,0.688384831,69.80677795,69.11839294
838,-2794,411707,411.707,1.349651575,0.581876516,0.688384831,69.80677795,69.11839294
839,-2794,412134,412.134,1.349651575,0.581876516,0.688384831,69.80677795,69.11839294
840,-2793,412561,412.561,1.407151222,0.641508996,0.347282887,69.33649445,68.98920441
841,-2793,413154,413.154,1.254881024,0.437847912,1.134279251,70.55052185,69.41624451
842,-2792,413582,413.582,1.254881024,0.437847912,1.134279251,70.55052185,69.41624451
843,-2790,414009,414.009,1.254881024,0.437847912,1.134279251,70.55052185,69.41624451
844,-2796,414602,414.602,1.254881024,0.437847912,1.134279251,70.55052185,69.41624451
845,-2796,415029,415.029,1.254881024,0.437847912,1.134279251,70.55052185,69.41624451
846,-2796,415622,415.622,1.254881024,0.437847912,1.134279251,70.55052185,69.41624451
847,-2796,416050,416.05,1.254881024,0.437847912,1.134279251,70.55052185,69.41624451
848,-2796,416477,416.477,1.254881024,0.437847912,1.134279251,70.55052185,69.41624451
849,-2797,417070,417.07,1.254881024,0.437847912,1.134279251,70.55052185,69.41624451
850,-2795,417497,417.497,1.254881024,0.437847912,1.134279251,70.55052185,69.41624451
851,-2795,418090,418.09,1.254881024,0.437847912,1.134279251,70.55052185,69.41624451
852,-2797,418517,418.517,1.254881024,0.437847912,1.134279251,70.55052185,69.41624451
853,-2798,418945,418.945,1.254881024,0.437847912,1.134279251,70.55052185,69.41624451
854,-2799,419538,419.538,1.254881024,0.437847912,1.134279251,70.55052185,69.41624451
855,-2799,419965,419.965,1.204226494,0.438693792,2.000762939,70.97897339,68.97821045
856,-2799,420392,420.392,1.204226494,0.438693792,2.000762939,70.97897339,68.97821045
857,-2799,420985,420.985,1.204226494,0.438693792,2.000762939,70.97897339,68.97821045
858,-2799,421413,421.413,1.204226494,0.438693792,2.000762939,70.97897339,68.97821045
859,-2799,422006,422.006,1.204226494,0.438693792,2.000762939,70.97897339,68.97821045
860,-2799,422433,422.433,1.204226494,0.438693792,2.000762939,70.97897339,68.97821045
861,-2799,422860,422.86,1.204226494,0.438693792,2.000762939,70.97897339,68.97821045
862,-2799,423453,423.453,1.204226494,0.438693792,2.000762939,70.97897339,68.97821045
863,-2798,423881,423.881,1.204226494,0.438693792,2.000762939,70.97897339,68.97821045
864,-2798,424474,424.474,1.204226494,0.438693792,2.000762939,70.97897339,68.97821045
865,-2798,424901,424.901,1.204226494,0.438693792,2.000762939,70.97897339,68.97821045
866,-2798,425328,425.328,1.204226494,0.438693792,2.000762939,70.97897339,68.97821045
867,-2798,425921,425.921,1.204226494,0.438693792,2.000762939,70.97897339,68.97821045
868,-2799,426349,426.349,1.204226494,0.438693792,2.000762939,70.97897339,68.97821045
869,-2799,426942,426.942,1.204226494,0.438693792,2.000762939,70.97897339,68.97821045
870,-2799,427369,427.369,1.173449278,0.449371755,2.6035285,71.30140686,68.69787598
871,-2799,427796,427.796,1.173449278,0.449371755,2.6035285,71.30140686,68.69787598
872,-2800,428389,428.389,1.173449278,0.449371755,2.6035285,71.30140686,68.69787598
873,-2799,428817,428.817,1.173449278,0.449371755,2.6035285,71.30140686,68.69787598
874,-2799,429244,429.244,1.173449278,0.449371755,2.6035285,71.30140686,68.69787598
875,-2799,429837,429.837,1.173449278,0.449371755,2.6035285,71.30140686,68.69787598
876,-2799,430264,430.264,1.173449278,0.449371755,2.6035285,71.30140686,68.69787598
877,-2799,430857,430.857,1.173449278,0.449371755,2.6035285,71.30140686,68.69787598
878,-2799,431285,431.285,1.173449278,0.449371755,2.6035285,71.30140686,68.69787598
879,-2799,431712,431.712,1.173449278,0.449371755,2.6035285,71.30140686,68.69787598
880,-2799,432305,432.305,1.056068778,0.402936786,3.986758947,72.0549469,68.0681839
881,-2799,432732,432.732,1.056068778,0.402936786,3.986758947,72.0549469,68.0681839
882,-2799,433325,433.325,1.056068778,0.402936786,3.986758947,72.0549469,68.0681839
883,-2799,433752,433.752,1.056068778,0.402936786,3.986758947,72.0549469,68.0681839
884,-2798,434180,434.18,1.056068778,0.402936786,3.986758947,72.0549469,68.0681839
885,-2799,434773,434.773,1.039079905,0.430712253,4.507786274,72.15026093,67.64247894
886,-2799,435200,435.2,1.039079905,0.430712253,4.507786274,72.15026093,67.64247894
887,-2799,435628,435.628,1.039079905,0.430712253,4.507786274,72.15026093,67.64247894
888,-2800,436220,436.22,1.039079905,0.430712253,4.507786274,72.15026093,67.64247894
889,-2799,436648,436.648,1.039079905,0.430712253,4.507786274,72.15026093,67.64247894
890,-2800,437241,437.241,1.039079905,0.430712253,4.507786274,72.15026093,67.64247894
891,-2800,437668,437.668,1.039079905,0.430712253,4.507786274,72.15026093,67.64247894
892,-2800,438096,438.096,1.039079905,0.430712253,4.507786274,72.15026093,67.64247894
893,-2799,438688,438.688,1.039079905,0.430712253,4.507786274,72.15026093,67.64247894
894,-2799,439116,439.116,1.039079905,0.430712253,4.507786274,72.15026093,67.64247894
895,-2798,439709,439.709,1.039079905,0.430712253,4.507786274,72.15026093,67.64247894
896,-2797,440136,440.136,1.039079905,0.430712253,4.507786274,72.15026093,67.64247894
897,-2798,440564,440.564,1.039079905,0.430712253,4.507786274,72.15026093,67.64247894
898,-2797,441156,441.156,1.039079905,0.430712253,4.507786274,72.15026093,67.64247894
899,-2798,441584,441.584,1.039079905,0.430712253,4.507786274,72.15026093,67.64247894
900,-2798,442177,442.177,1.085700512,0.489315003,4.751335144,71.78713226,67.03579712
901,-2798,442604,442.604,1.085700512,0.489315003,4.751335144,71.78713226,67.03579712
902,-2798,443032,443.032,1.085700512,0.489315003,4.751335144,71.78713226,67.03579712
903,-2798,443624,443.624,1.085700512,0.489315003,4.751335144,71.78713226,67.03579712
904,-2798,444052,444.052,1.085700512,0.489315003,4.751335144,71.78713226,67.03579712
905,-2798,444479,444.479,1.085700512,0.489315003,4.751335144,71.78713226,67.03579712
906,-2798,445072,445.072,1.085700512,0.489315003,4.751335144,71.78713226,67.03579712
907,-2798,445500,445.5,1.085700512,0.489315003,4.751335144,71.78713226,67.03579712
908,-2798,446092,446.092,1.085700512,0.489315003,4.751335144,71.78713226,67.03579712
909,-2798,446520,446.52,1.085700512,0.489315003,4.751335144,71.78713226,67.03579712
910,-2798,446947,446.947,1.085700512,0.489315003,4.751335144,71.78713226,67.03579712
911,-2797,447540,447.54,1.085700512,0.489315003,4.751335144,71.78713226,67.03579712
912,-2797,447968,447.968,1.085700512,0.489315003,4.751335144,71.78713226,67.03579712
913,-2798,448560,448.56,1.085700512,0.489315003,4.751335144,71.78713226,67.03579712
914,-2799,448988,448.988,1.085700512,0.489315003,4.751335144,71.78713226,67.03579712
915,-2799,449415,449.415,1.127099276,0.591419518,5.409343719,71.34584808,65.93650818
916,-2800,450008,450.008,1.127099276,0.591419518,5.409343719,71.34584808,65.93650818
917,-2799,450436,450.436,1.127099276,0.591419518,5.409343719,71.34584808,65.93650818
918,-2799,450863,450.863,1.127099276,0.591419518,5.409343719,71.34584808,65.93650818
919,-2799,451456,451.456,0.955245018,0.504618585,7.501959324,72.62787628,65.12591553
920,-2799,451883,451.883,0.955245018,0.504618585,7.501959324,72.62787628,65.12591553
921,-2798,452476,452.476,0.955245018,0.504618585,7.501959324,72.62787628,65.12591553
922,-2798,452904,452.904,0.955245018,0.504618585,7.501959324,72.62787628,65.12591553
923,-2798,453331,453.331,0.955245018,0.504618585,7.501959324,72.62787628,65.12591553
924,-2798,453924,453.924,0.955245018,0.504618585,7.501959324,72.62787628,65.12591553
925,-2798,454351,454.351,0.955245018,0.504618585,7.501959324,72.62787628,65.12591553
926,-2799,454944,454.944,0.955245018,0.504618585,7.501959324,72.62787628,65.12591553
927,-2799,455372,455.372,0.955245018,0.504618585,7.501959324,72.62787628,65.12591553
928,-2799,455799,455.799,0.955245018,0.504618585,7.501959324,72.62787628,65.12591553
929,-2799,456392,456.392,0.955245018,0.504618585,7.501959324,72.62787628,65.12591553
930,-2799,456819,456.819,0.970174074,0.584947705,7.884054184,72.60810089,64.72405243
931,-2799,457412,457.412,0.970174074,0.584947705,7.884054184,72.60810089,64.72405243
932,-2799,457840,457.84,0.970174074,0.584947705,7.884054184,72.60810089,64.72405243
933,-2799,458267,458.267,0.970174074,0.584947705,7.884054184,72.60810089,64.72405243
934,-2799,458860,458.86,0.970174074,0.584947705,7.884054184,72.60810089,64.72405243
935,-2798,459287,459.287,0.970174074,0.584947705,7.884054184,72.60810089,64.72405243
936,-2798,459715,459.715,0.970174074,0.584947705,7.884054184,72.60810089,64.72405243
937,-2799,460308,460.308,0.970174074,0.584947705,7.884054184,72.60810089,64.72405243
938,-2799,460735,460.735,0.970174074,0.584947705,7.884054184,72.60810089,64.72405243
939,-2799,461328,461.328,0.970174074,0.584947705,7.884054184,72.60810089,64.72405243
940,-2798,461755,461.755,0.970174074,0.584947705,7.884054184,72.60810089,64.72405243
941,-2798,462183,462.183,0.970174074,0.584947705,7.884054184,72.60810089,64.72405243
942,-2798,462776,462.776,0.970174074,0.584947705,7.884054184,72.60810089,64.72405243
943,-2798,463203,463.203,0.970174074,0.584947705,7.884054184,72.60810089,64.72405243
944,-2798,463796,463.796,0.970174074,0.584947705,7.884054184,72.60810089,64.72405243
945,-2798,464223,464.223,0.993719995,0.72287935,8.26106739,72.32772064,64.06665039
946,-2798,464651,464.651,0.993719995,0.72287935,8.26106739,72.32772064,64.06665039
947,-2798,465244,465.244,0.993719995,0.72287935,8.26106739,72.32772064,64.06665039
948,-2798,465671,465.671,0.993719995,0.72287935,8.26106739,72.32772064,64.06665039
949,-2798,466099,466.099,0.993719995,0.72287935,8.26106739,72.32772064,64.06665039
950,-2798,466692,466.692,0.993719995,0.72287935,8.26106739,72.32772064,64.06665039
951,-2798,467119,467.119,0.993719995,0.72287935,8.26106739,72.32772064,64.06665039
952,-2798,467712,467.712,0.993719995,0.72287935,8.26106739,72.32772064,64.06665039
953,-2798,468139,468.139,0.993719995,0.72287935,8.26106739,72.32772064,64.06665039
954,-2798,468567,468.567,0.993719995,0.72287935,8.26106739,72.32772064,64.06665039
955,-2798,469160,469.16,0.993719995,0.72287935,8.26106739,72.32772064,64.06665039
956,-2798,469587,469.587,0.993719995,0.72287935,8.26106739,72.32772064,64.06665039
957,-2798,470180,470.18,0.938133776,0.635797977,8.624114037,72.75444794,64.13033295
958,-2798,470607,470.607,0.938133776,0.635797977,8.624114037,72.75444794,64.13033295
959,-2798,471035,471.035,0.938133776,0.635797977,8.624114037,72.75444794,64.13033295
960,-2798,471628,471.628,0.932797253,0.680451095,8.86093235,72.71366119,63.85273361
961,-2798,472055,472.055,0.932797253,0.680451095,8.86093235,72.71366119,63.85273361
962,-2798,472648,472.648,0.932797253,0.680451095,8.86093235,72.71366119,63.85273361
963,-2798,473075,473.075,0.932797253,0.680451095,8.86093235,72.71366119,63.85273361
964,-2798,473503,473.503,0.932797253,0.680451095,8.86093235,72.71366119,63.85273361
965,-2798,474096,474.096,0.932797253,0.680451095,8.86093235,72.71366119,63.85273361
966,-2798,474523,474.523,0.932797253,0.680451095,8.86093235,72.71366119,63.85273361
967,-2798,474951,474.951,0.932797253,0.680451095,8.86093235,72.71366119,63.85273361
968,-2798,475544,475.544,0.932797253,0.680451095,8.86093235,72.71366119,63.85273361
969,-2798,475971,475.971,0.932797253,0.680451095,8.86093235,72.71366119,63.85273361
970,-2798,476564,476.564,0.932797253,0.680451095,8.86093235,72.71366119,63.85273361
971,-2798,476991,476.991,0.932797253,0.680451095,8.86093235,72.71366119,63.85273361
972,-2798,477419,477.419,0.932797253,0.680451095,8.86093235,72.71366119,63.85273361
973,-2797,478012,478.012,0.932797253,0.680451095,8.86093235,72.71366119,63.85273361
974,-2797,478439,478.439,0.932797253,0.680451095,8.86093235,72.71366119,63.85273361
975,-2797,479032,479.032,0.973765433,0.653219759,8.025294304,72.22747803,64.20217896
976,-2797,479459,479.459,0.973765433,0.653219759,8.025294304,72.22747803,64.20217896
977,-2798,479887,479.887,0.973765433,0.653219759,8.025294304,72.22747803,64.20217896
978,-2796,480480,480.48,0.973765433,0.653219759,8.025294304,72.22747803,64.20217896
979,-2796,480907,480.907,0.973765433,0.653219759,8.025294304,72.22747803,64.20217896
980,-2796,481334,481.334,0.973765433,0.653219759,8.025294304,72.22747803,64.20217896
981,-2791,481927,481.927,0.973765433,0.653219759,8.025294304,72.22747803,64.20217896
982,-2791,482355,482.355,0.973765433,0.653219759,8.025294304,72.22747803,64.20217896
983,-2785,482948,482.948,0.973765433,0.653219759,8.025294304,72.22747803,64.20217896
984,-2786,483375,483.375,0.973765433,0.653219759,8.025294304,72.22747803,64.20217896
985,-2787,483803,483.803,0.973765433,0.653219759,8.025294304,72.22747803,64.20217896
986,-2781,484396,484.396,0.973765433,0.653219759,8.025294304,72.22747803,64.20217896
987,-2783,484823,484.823,0.973765433,0.653219759,8.025294304,72.22747803,64.20217896
988,-2779,485416,485.416,0.973765433,0.653219759,8.025294304,72.22747803,64.20217896
989,-2786,485843,485.843,0.973765433,0.653219759,8.025294304,72.22747803,64.20217896
990,-2786,486271,486.271,1.007886171,0.657138407,7.595260143,71.94299316,64.34773254
991,-2781,486864,486.864,1.007886171,0.657138407,7.595260143,71.94299316,64.34773254
992,-2785,487291,487.291,1.007886171,0.657138407,7.595260143,71.94299316,64.34773254
993,-2789,487884,487.884,1.007886171,0.657138407,7.595260143,71.94299316,64.34773254
994,-2792,488311,488.311,1.007886171,0.657138407,7.595260143,71.94299316,64.34773254
995,-2794,488739,488.739,1.007886171,0.657138407,7.595260143,71.94299316,64.34773254
996,-2794,489332,489.332,0.97121042,0.549897254,7.463493824,72.24151611,64.77802277
997,-2796,489759,489.759,0.97121042,0.549897254,7.463493824,72.24151611,64.77802277
998,-2797,490187,490.187,0.97121042,0.549897254,7.463493824,72.24151611,64.77802277
999,-2796,490780,490.78,0.97121042,0.549897254,7.463493824,72.24151611,64.77802277
1000,-2797,491207,491.207,0.97121042,0.549897254,7.463493824,72.24151611,64.77802277
1001,-2797,491800,491.8,0.97121042,0.549897254,7.463493824,72.24151611,64.77802277
1002,-2797,492227,492.227,0.97121042,0.549897254,7.463493824,72.24151611,64.77802277
1003,-2797,492655,492.655,0.97121042,0.549897254,7.463493824,72.24151611,64.77802277
1004,-2797,493248,493.248,0.97121042,0.549897254,7.463493824,72.24151611,64.77802277
1005,-2797,493675,493.675,0.907919168,0.465915501,8.134904861,72.71962738,64.58472443
1006,-2797,494268,494.268,0.907919168,0.465915501,8.134904861,72.71962738,64.58472443
1007,-2797,494695,494.695,0.907919168,0.465915501,8.134904861,72.71962738,64.58472443
1008,-2797,495123,495.123,0.907919168,0.465915501,8.134904861,72.71962738,64.58472443
1009,-2797,495716,495.716,0.907919168,0.465915501,8.134904861,72.71962738,64.58472443
1010,-2797,496143,496.143,0.907919168,0.465915501,8.134904861,72.71962738,64.58472443
1011,-2797,496571,496.571,0.907919168,0.465915501,8.134904861,72.71962738,64.58472443
1012,-2797,497164,497.164,0.907919168,0.465915501,8.134904861,72.71962738,64.58472443
1013,-2797,497591,497.591,0.907919168,0.465915501,8.134904861,72.71962738,64.58472443
1014,-2797,498184,498.184,0.907919168,0.465915501,8.134904861,72.71962738,64.58472443
1015,-2797,498611,498.611,0.907919168,0.465915501,8.134904861,72.71962738,64.58472443
1016,-2798,499039,499.039,0.907919168,0.465915501,8.134904861,72.71962738,64.58472443
1017,-2798,499632,499.632,0.907919168,0.465915501,8.134904861,72.71962738,64.58472443
1018,-2798,500059,500.059,0.907919168,0.465915501,8.134904861,72.71962738,64.58472443
1019,-2798,500652,500.652,0.907919168,0.465915501,8.134904861,72.71962738,64.58472443
1020,-2798,501079,501.079,0.87359935,0.377550095,8.371716499,72.90445709,64.53273773
1021,-2798,501507,501.507,0.87359935,0.377550095,8.371716499,72.90445709,64.53273773
1022,-2798,502100,502.1,0.87359935,0.377550095,8.371716499,72.90445709,64.53273773
1023,-2798,502527,502.527,0.87359935,0.377550095,8.371716499,72.90445709,64.53273773
1024,-2798,503120,503.12,0.87359935,0.377550095,8.371716499,72.90445709,64.53273773
1025,-2798,503548,503.548,0.87359935,0.377550095,8.371716499,72.90445709,64.53273773
1026,-2798,503975,503.975,0.87359935,0.377550095,8.371716499,72.90445709,64.53273773
1027,-2798,504568,504.568,0.87359935,0.377550095,8.371716499,72.90445709,64.53273773
1028,-2798,504995,504.995,0.87359935,0.377550095,8.371716499,72.90445709,64.53273773
1029,-2798,505423,505.423,0.87359935,0.377550095,8.371716499,72.90445709,64.53273773
1030,-2798,506016,506.016,0.87359935,0.377550095,8.371716499,72.90445709,64.53273773
1031,-2798,506443,506.443,0.87359935,0.377550095,8.371716499,72.90445709,64.53273773
1032,-2797,507036,507.036,0.87359935,0.377550095,8.371716499,72.90445709,64.53273773
1033,-2797,507464,507.464,0.87359935,0.377550095,8.371716499,72.90445709,64.53273773
1034,-2798,507891,507.891,0.87359935,0.377550095,8.371716499,72.90445709,64.53273773
1035,-2797,508484,508.484,0.77048558,0.455697179,11.02103424,73.67108917,62.65005875
1036,-2797,508911,508.911,0.77048558,0.455697179,11.02103424,73.67108917,62.65005875
1037,-2797,509504,509.504,0.77048558,0.455697179,11.02103424,73.67108917,62.65005875
1038,-2797,509932,509.932,0.77048558,0.455697179,11.02103424,73.67108917,62.65005875
1039,-2796,510359,510.359,0.77048558,0.455697179,11.02103424,73.67108917,62.65005875
1040,-2797,510952,510.952,0.77048558,0.455697179,11.02103424,73.67108917,62.65005875
1041,-2796,511380,511.38,0.77048558,0.455697179,11.02103424,73.67108917,62.65005875
1042,-2797,511972,511.972,0.77048558,0.455697179,11.02103424,73.67108917,62.65005875
1043,-2797,512400,512.4,0.77048558,0.455697179,11.02103424,73.67108917,62.65005875
1044,-2797,512827,512.827,0.77048558,0.455697179,11.02103424,73.67108917,62.65005875
1045,-2797,513420,513.42,0.77048558,0.455697179,11.02103424,73.67108917,62.65005875
1046,-2797,513848,513.848,0.77048558,0.455697179,11.02103424,73.67108917,62.65005875
1047,-2797,514275,514.275,0.77048558,0.455697179,11.02103424,73.67108917,62.65005875
1048,-2797,514868,514.868,0.77048558,0.455697179,11.02103424,73.67108917,62.65005875
1049,-2797,515295,515.295,0.77048558,0.455697179,11.02103424,73.67108917,62.65005875
1050,-2797,515888,515.888,0.76861918,0.448419929,10.91409874,73.71001434,62.79591751
1051,-2797,516316,516.316,0.76861918,0.448419929,10.91409874,73.71001434,62.79591751
1052,-2797,516743,516.743,0.76861918,0.448419929,10.91409874,73.71001434,62.79591751
1053,-2796,517336,517.336,0.76861918,0.448419929,10.91409874,73.71001434,62.79591751
1054,-2797,517764,517.764,0.76861918,0.448419929,10.91409874,73.71001434,62.79591751
1055,-2796,518357,518.357,0.76861918,0.448419929,10.91409874,73.71001434,62.79591751
1056,-2796,518784,518.784,0.76861918,0.448419929,10.91409874,73.71001434,62.79591751
1057,-2796,519211,519.211,0.76861918,0.448419929,10.91409874,73.71001434,62.79591751
1058,-2796,519804,519.804,0.76861918,0.448419929,10.91409874,73.71001434,62.79591751
1059,-2796,520232,520.232,0.76861918,0.448419929,10.91409874,73.71001434,62.79591751
1060,-2796,520659,520.659,0.76861918,0.448419929,10.91409874,73.71001434,62.79591751
1061,-2796,521252,521.252,0.76861918,0.448419929,10.91409874,73.71001434,62.79591751
1062,-2796,521680,521.68,0.76861918,0.448419929,10.91409874,73.71001434,62.79591751
1063,-2796,522273,522.273,0.76861918,0.448419929,10.91409874,73.71001434,62.79591751
1064,-2796,522700,522.7,0.76861918,0.448419929,10.91409874,73.71001434,62.79591751
1065,-2796,523127,523.127,0.784218848,0.458154202,10.66676617,73.67563629,63.00886917
1066,-2796,523720,523.72,0.784218848,0.458154202,10.66676617,73.67563629,63.00886917
1067,-2796,524148,524.148,0.784218848,0.458154202,10.66676617,73.67563629,63.00886917
1068,-2796,524741,524.741,0.784218848,0.458154202,10.66676617,73.67563629,63.00886917
1069,-2796,525168,525.168,0.784218848,0.458154202,10.66676617,73.67563629,63.00886917
1070,-2796,525596,525.596,0.784218848,0.458154202,10.66676617,73.67563629,63.00886917
1071,-2796,526189,526.189,0.784218848,0.458154202,10.66676617,73.67563629,63.00886917
1072,-2796,526616,526.616,0.784218848,0.458154202,10.66676617,73.67563629,63.00886917
1073,-2796,527209,527.209,0.773142815,0.530611813,11.50434113,73.77803802,62.2736969
1074,-2796,527636,527.636,0.773142815,0.530611813,11.50434113,73.77803802,62.2736969
1075,-2796,528064,528.064,0.773142815,0.530611813,11.50434113,73.77803802,62.2736969
1076,-2796,528657,528.657,0.773142815,0.530611813,11.50434113,73.77803802,62.2736969
1077,-2796,529084,529.084,0.773142815,0.530611813,11.50434113,73.77803802,62.2736969
1078,-2797,529512,529.512,0.773142815,0.530611813,11.50434113,73.77803802,62.2736969
1079,-2797,530105,530.105,0.773142815,0.530611813,11.50434113,73.77803802,62.2736969
1080,-2797,530532,530.532,0.777731061,0.532785952,11.50277519,73.8223114,62.31953812
1081,-2796,531125,531.125,0.777731061,0.532785952,11.50277519,73.8223114,62.31953812
1082,-2796,531552,531.552,0.777731061,0.532785952,11.50277519,73.8223114,62.31953812
1083,-2796,531980,531.98,0.777731061,0.532785952,11.50277519,73.8223114,62.31953812
1084,-2796,532573,532.573,0.777731061,0.532785952,11.50277519,73.8223114,62.31953812
1085,-2796,533000,533,0.777731061,0.532785952,11.50277519,73.8223114,62.31953812
1086,-2796,533593,533.593,0.777731061,0.532785952,11.50277519,73.8223114,62.31953812
1087,-2796,534021,534.021,0.777731061,0.532785952,11.50277519,73.8223114,62.31953812
1088,-2796,534448,534.448,0.777731061,0.532785952,11.50277519,73.8223114,62.31953812
1089,-2796,535041,535.041,0.777731061,0.532785952,11.50277519,73.8223114,62.31953812
1090,-2796,535468,535.468,0.777731061,0.532785952,11.50277519,73.8223114,62.31953812
1091,-2796,535896,535.896,0.777731061,0.532785952,11.50277519,73.8223114,62.31953812
1092,-2796,536489,536.489,0.777731061,0.532785952,11.50277519,73.8223114,62.31953812
1093,-2796,536916,536.916,0.777731061,0.532785952,11.50277519,73.8223114,62.31953812
1094,-2796,537509,537.509,0.777731061,0.532785952,11.50277519,73.8223114,62.31953812
1095,-2796,537937,537.937,0.827364922,0.577369273,11.11580181,73.51576996,62.39997101
1096,-2796,538364,538.364,0.827364922,0.577369273,11.11580181,73.51576996,62.39997101
1097,-2796,538957,538.957,0.827364922,0.577369273,11.11580181,73.51576996,62.39997101
1098,-2796,539384,539.384,0.827364922,0.577369273,11.11580181,73.51576996,62.39997101
1099,-2796,539977,539.977,0.827364922,0.577369273,11.11580181,73.51576996,62.39997101
1100,-2796,540405,540.405,0.827364922,0.577369273,11.11580181,73.51576996,62.39997101
1101,-2797,540832,540.832,0.827364922,0.577369273,11.11580181,73.51576996,62.39997101
1102,-2797,541425,541.425,0.827364922,0.577369273,11.11580181,73.51576996,62.39997101
1103,-2797,541853,541.853,0.827364922,0.577369273,11.11580181,73.51576996,62.39997101
1104,-2796,542446,542.446,0.827364922,0.577369273,11.11580181,73.51576996,62.39997101
1105,-2796,542873,542.873,0.827364922,0.577369273,11.11580181,73.51576996,62.39997101
1106,-2796,543300,543.3,0.827364922,0.577369273,11.11580181,73.51576996,62.39997101
1107,-2796,543893,543.893,0.827364922,0.577369273,11.11580181,73.51576996,62.39997101
1108,-2796,544321,544.321,0.827364922,0.577369273,11.11580181,73.51576996,62.39997101
1109,-2796,544748,544.748,0.827364922,0.577369273,11.11580181,73.51576996,62.39997101
1110,-2797,545341,545.341,0.868148625,0.588528574,10.57827854,73.26193237,62.68365479
1111,-2796,545769,545.769,0.868148625,0.588528574,10.57827854,73.26193237,62.68365479
1112,-2797,546362,546.362,0.913904667,0.662934482,10.23838711,73.05853271,62.82014465
1113,-2796,546789,546.789,0.913904667,0.662934482,10.23838711,73.05853271,62.82014465
1114,-2796,547216,547.216,0.913904667,0.662934482,10.23838711,73.05853271,62.82014465
1115,-2797,547809,547.809,0.913904667,0.662934482,10.23838711,73.05853271,62.82014465
1116,-2797,548237,548.237,0.913904667,0.662934482,10.23838711,73.05853271,62.82014465
1117,-2797,548830,548.83,0.913904667,0.662934482,10.23838711,73.05853271,62.82014465
1118,-2798,549257,549.257,0.913904667,0.662934482,10.23838711,73.05853271,62.82014465
1119,-2798,549685,549.685,0.913904667,0.662934482,10.23838711,73.05853271,62.82014465
1120,-2797,550278,550.278,0.913904667,0.662934482,10.23838711,73.05853271,62.82014465
1121,-2797,550705,550.705,0.913904667,0.662934482,10.23838711,73.05853271,62.82014465
1122,-2797,551132,551.132,0.913904667,0.662934482,10.23838711,73.05853271,62.82014465
1123,-2796,551725,551.725,0.913904667,0.662934482,10.23838711,73.05853271,62.82014465
1124,-2796,552153,552.153,0.913904667,0.662934482,10.23838711,73.05853271,62.82014465
1125,-2796,552746,552.746,0.902751565,0.624911427,10.00128269,73.17516327,63.17388153
1126,-2795,553173,553.173,0.902751565,0.624911427,10.00128269,73.17516327,63.17388153
1127,-2796,553601,553.601,0.902751565,0.624911427,10.00128269,73.17516327,63.17388153
1128,-2796,554194,554.194,0.902751565,0.624911427,10.00128269,73.17516327,63.17388153
1129,-2796,554621,554.621,0.902751565,0.624911427,10.00128269,73.17516327,63.17388153
1130,-2796,555214,555.214,0.902751565,0.624911427,10.00128269,73.17516327,63.17388153
1131,-2796,555641,555.641,0.902751565,0.624911427,10.00128269,73.17516327,63.17388153
1132,-2796,556069,556.069,0.902751565,0.624911427,10.00128269,73.17516327,63.17388153
1133,-2796,556662,556.662,0.902751565,0.624911427,10.00128269,73.17516327,63.17388153
1134,-2796,557089,557.089,0.902751565,0.624911427,10.00128269,73.17516327,63.17388153
1135,-2796,557682,557.682,0.902751565,0.624911427,10.00128269,73.17516327,63.17388153
1136,-2796,558110,558.11,0.902751565,0.624911427,10.00128269,73.17516327,63.17388153
1137,-2796,558537,558.537,0.902751565,0.624911427,10.00128269,73.17516327,63.17388153
1138,-2796,559130,559.13,0.902751565,0.624911427,10.00128269,73.17516327,63.17388153
1139,-2796,559557,559.557,0.902751565,0.624911427,10.00128269,73.17516327,63.17388153
1140,-2796,559985,559.985,0.901577353,0.57112968,9.256317139,73.18321228,63.92689896
1141,-2795,560578,560.578,0.901577353,0.57112968,9.256317139,73.18321228,63.92689896
1142,-2791,561005,561.005,0.901577353,0.57112968,9.256317139,73.18321228,63.92689896
1143,-2788,561598,561.598,0.901577353,0.57112968,9.256317139,73.18321228,63.92689896
1144,-2781,561941,561.941,0.901577353,0.57112968,9.256317139,73.18321228,63.92689896
