id,MOLA,RMSh,Sub_1_thic,Depth,dist_m,dist_km,xcoord,ycoord
0,-2704,1.712234855,,,0,0,157.5697976,10.06662291
1,-2539,1.712234855,,,462.804225,0.462804225,157.561985,10.05881025
2,-2545,1.712234855,,,851.6396638,0.851639664,157.5541723,10.05881025
3,-2531,1.712234855,,,1479.767256,1.479767256,157.5463596,10.05099758
4,-2524,1.712234855,,,1868.610443,1.868610443,157.5385469,10.05099758
5,-2513,1.712234855,,,2496.750545,2.496750545,157.5307343,10.04318491
6,-2509,1.712234855,,,3124.898369,3.124898369,157.5229216,10.03537224
7,-2502,1.712234855,,,3513.754076,3.513754076,157.5151089,10.03537224
8,-2503,1.712234855,,,4141.914393,4.141914393,157.5072963,10.02755957
9,-2504,1.712234855,,,4770.082419,4.770082419,157.4994836,10.0197469
10,-2501,1.712234855,,,5158.950627,5.158950627,157.4916709,10.0197469
11,-2497,1.655652404,,,5787.131127,5.787131127,157.4838583,10.01193424
12,-2491,1.655652404,,,6176.007053,6.176007053,157.4760456,10.01193424
13,-2488,1.655652404,,,6804.200015,6.804200015,157.4682329,10.00412157
14,-2491,1.655652404,,,7432.400668,7.432400668,157.4604203,9.9963089
15,-2494,1.655652404,,,7821.289064,7.821289064,157.4526076,9.9963089
16,-2497,1.655652404,,,8449.50216,8.44950216,157.4447949,9.988496232
17,-2496,1.655652404,,,8838.398255,8.838398255,157.4369823,9.988496232
18,-2497,1.655652404,,,9466.623782,9.466623782,157.4291696,9.980683564
19,-2494,1.655652404,,,10094.85698,10.09485698,157.4213569,9.972870896
20,-2494,1.655652404,,,10483.76552,10.48376552,157.4135443,9.972870896
21,-2495,1.655652404,,,11112.01113,11.11201113,157.4057316,9.965058227
22,-2497,1.655652404,,,11740.2644,11.7402644,157.3979189,9.957245559
23,-2498,1.655652404,,,12129.18536,12.12918536,157.3901063,9.957245559
24,-2499,1.462348819,,,12757.45102,12.75745102,157.3822936,9.949432891
25,-2499,1.462348819,,,13146.37965,13.14637965,157.3744809,9.949432891
26,-2499,1.462348819,,,13774.6577,13.7746577,157.3666682,9.941620223
27,-2499,1.462348819,,,14402.94339,14.40294339,157.3588556,9.933807555
28,-2497,1.462348819,,,14791.8844,14.7918844,157.3510429,9.933807555
29,-2500,1.462348819,,,15420.18245,15.42018245,157.3432302,9.925994887
30,-2502,1.462348819,,,15809.13112,15.80913112,157.3354176,9.925994887
31,-2504,1.343928695,,,16437.44152,16.43744152,157.3276049,9.918182219
32,-2503,1.343928695,,,17065.75955,17.06575955,157.3197922,9.91036955
33,-2504,1.343928695,,,17454.72057,17.45472057,157.3119796,9.91036955
34,-2505,1.343928695,,,18083.05093,18.08305093,157.3041669,9.902556882
35,-2505,1.343928695,,,18711.3889,18.7113889,157.2963542,9.894744214
36,-2507,1.343928695,,,19100.36227,19.10036227,157.2885416,9.894744214
37,-2513,1.302629232,,,19728.71255,19.72871255,157.2807289,9.886931546
38,-2514,1.302629232,,,20117.69353,20.11769353,157.2729162,9.886931546
39,-2517,1.302629232,,,20721.97446,20.72197446,157.2651036,9.879118878
40,-2517,1.302629232,,,20721.97446,20.72197446,157.2651036,9.879118878
41,-2517,1.302629232,,,21171.37729,21.17137729,157.2572909,9.879118878
42,-2518,1.302629232,,,21620.78186,21.62078186,157.2494782,9.879118878
43,-2522,1.302629232,,,22149.52909,22.14952909,157.2416656,9.87130621
44,-2523,1.302629232,,,22598.93747,22.59893747,157.2338529,9.87130621
45,-2523,1.302629232,,,23048.3476,23.0483476,157.2260402,9.87130621
46,-2524,1.302629232,,,23497.75948,23.49775948,157.2182276,9.87130621
47,-2526,1.302629232,,,23947.17311,23.94717311,157.2104149,9.87130621
48,-2526,1.302629232,,,24396.58848,24.39658848,157.2026022,9.87130621
49,-2525,1.302629232,,,24925.34841,24.92534841,157.1947895,9.863493541
50,-2525,1.302629232,,,25374.76759,25.37476759,157.1869769,9.863493541
51,-2524,1.324878335,,,25824.18851,25.82418851,157.1791642,9.863493541
52,-2523,1.324878335,,,26273.61118,26.27361118,157.1713515,9.863493541
53,-2523,1.324878335,,,26723.0356,26.7230356,157.1635389,9.863493541
54,-2523,1.324878335,,,27172.46176,27.17246176,157.1557262,9.863493541
55,-2521,1.324878335,,,27701.23438,27.70123438,157.1479135,9.855680873
56,-2519,1.324878335,,,28150.66434,28.15066434,157.1401009,9.855680873
57,-2517,1.324878335,,,28600.09605,28.60009605,157.1322882,9.855680873
58,-2514,1.324878335,,,29049.5295,29.0495295,157.1244755,9.855680873
59,-2513,1.324878335,,,29498.96469,29.49896469,157.1166629,9.855680873
60,-2510,1.324878335,,,30027.74794,30.02774794,157.1088502,9.847868205
61,-2511,1.324878335,,,30477.18693,30.47718693,157.1010375,9.847868205
62,-2511,1.324878335,,,30926.62766,30.92662766,157.0932249,9.847868205
63,-2511,1.324878335,,,31376.07013,31.37607013,157.0854122,9.847868205
64,-2512,1.559389949,,,31825.51435,31.82551435,157.0775995,9.847868205
65,-2513,1.559389949,,,32274.96031,32.27496031,157.0697869,9.847868205
66,-2507,1.559389949,,,32803.75622,32.80375622,157.0619742,9.840055537
67,-2506,1.559389949,,,33253.20597,33.25320597,157.0541615,9.840055537
68,-2507,1.559389949,,,33702.65747,33.70265747,157.0463489,9.840055537
69,-2510,1.559389949,,,34152.1107,34.1521107,157.0385362,9.840055537
70,-2513,1.559389949,,,34601.56568,34.60156568,157.0307235,9.840055537
71,-2515,1.559389949,,,35051.02239,35.05102239,157.0229108,9.840055537
72,-2509,1.559389949,,,35579.83095,35.57983095,157.0150982,9.832242869
73,-2509,1.559389949,,,36029.29146,36.02929146,157.0072855,9.832242869
74,-2507,1.559389949,,,36478.7537,36.4787537,156.9994728,9.832242869
75,-2510,1.559389949,,,36928.21768,36.92821768,156.9916602,9.832242869
76,-2516,1.574262857,,,37377.6834,37.3776834,156.9838475,9.832242869
77,-2521,1.574262857,,,37827.15086,37.82715086,156.9760348,9.832242869
78,-2526,1.574262857,,,38355.97206,38.35597206,156.9682222,9.824430201
79,-2531,1.574262857,,,38805.44331,38.80544331,156.9604095,9.824430201
80,-2535,1.574262857,,,39254.91629,39.25491629,156.9525968,9.824430201
81,-2535,1.574262857,,,39704.39101,39.70439101,156.9447842,9.824430201
82,-2537,1.574262857,,,40153.86746,40.15386746,156.9369715,9.824430201
83,-2535,1.651049495,,,40682.69925,40.68269925,156.9291588,9.816617533
84,-2535,1.651049495,,,41132.17948,41.13217948,156.9213462,9.816617533
85,-2535,1.651049495,,,41581.66145,41.58166145,156.9135335,9.816617533
86,-2536,1.651049495,,,42031.14516,42.03114516,156.9057208,9.816617533
87,-2536,1.651049495,,,42480.63061,42.48063061,156.8979082,9.816617533
88,-2537,1.651049495,,,42930.11779,42.93011779,156.8900955,9.816617533
89,-2537,1.630447745,,,43458.96218,43.45896218,156.8822828,9.808804864
90,-2537,1.630447745,,,43908.45314,43.90845314,156.8744702,9.808804864
91,-2540,1.630447745,,,44357.94583,44.35794583,156.8666575,9.808804864
92,-2542,1.630447745,,,44807.44025,44.80744025,156.8588448,9.808804864
93,-2542,1.630447745,,,45256.93641,45.25693641,156.8510322,9.808804864
94,-2542,1.630447745,,,45706.4343,45.7064343,156.8432195,9.808804864
95,-2543,1.630447745,,,46235.2913,46.2352913,156.8354068,9.800992196
96,-2544,1.630447745,,,46684.79296,46.68479296,156.8275941,9.800992196
97,-2544,1.630447745,,,47163.87208,47.16387208,156.8197815,9.800992196
98,-2544,1.630447745,,,47163.87208,47.16387208,156.8197815,9.800992196
99,-2545,1.630447745,,,47809.91234,47.80991234,156.8119688,9.793179528
100,-2545,1.630447745,,,48455.96009,48.45596009,156.8041561,9.78536686
101,-2546,1.630447745,,,49102.01532,49.10201532,156.7963435,9.777554192
102,-2546,1.630447745,,,49748.07804,49.74807804,156.7885308,9.769741524
103,-2545,1.561835289,,,50394.14824,50.39414824,156.7807181,9.761928855
104,-2547,1.561835289,,,51040.22591,51.04022591,156.7729055,9.754116187
105,-2548,1.561835289,,,51374.64724,51.37464724,156.7650928,9.754116187
106,-2549,1.561835289,,,52020.73623,52.02073623,156.7572801,9.746303519
107,-2550,1.561835289,,,52666.83269,52.66683269,156.7494675,9.738490851
108,-2550,1.561835289,,,53312.9366,53.3129366,156.7416548,9.730678183
109,-2550,1.561835289,,,53959.04795,53.95904795,156.7338421,9.722865515
110,-2553,1.493765235,,,54605.16674,54.60516674,156.7260295,9.715052847
111,-2551,1.493765235,,,55251.29297,55.25129297,156.7182168,9.707240178
112,-2548,1.493765235,,,55897.42662,55.89742662,156.7104041,9.69942751
113,-2547,1.493765235,,,56543.5677,56.5435677,156.7025915,9.691614842
114,-2547,1.493765235,,,57189.71619,57.18971619,156.6947788,9.683802174
115,-2547,1.493765235,,,57835.8721,57.8358721,156.6869661,9.675989506
116,-2546,1.529965997,,,58482.0354,58.4820354,156.6791535,9.668176838
117,-2545,1.529965997,,,59128.20611,59.12820611,156.6713408,9.66036417
118,-2543,1.529965997,,,59774.38421,59.77438421,156.6635281,9.652551501
119,-2544,1.529965997,,,60108.85749,60.10885749,156.6557154,9.652551501
120,-2544,1.529965997,,,60755.0468,60.7550468,156.6479028,9.644738833
121,-2544,1.529965997,,,61401.24349,61.40124349,156.6400901,9.636926165
122,-2543,1.529965997,,,62047.44755,62.04744755,156.6322774,9.629113497
123,-2540,1.529965997,,,62693.65898,62.69365898,156.6244648,9.621300829
124,-2540,1.478717327,,,63339.87777,63.33987777,156.6166521,9.613488161
125,-2538,1.478717327,,,63986.10392,63.98610392,156.6088394,9.605675492
126,-2534,1.478717327,,,64632.33741,64.63233741,156.6010268,9.597862824
127,-2532,1.478717327,,,65278.57825,65.27857825,156.5932141,9.590050156
128,-2529,1.545024633,,,65924.82643,65.92482643,156.5854014,9.582237488
129,-2537,1.545024633,,,66571.08193,66.57108193,156.5775888,9.57442482
130,-2548,1.545024633,,,67217.34477,67.21734477,156.5697761,9.566612152
131,-2547,1.545024633,,,67863.61492,67.86361492,156.5619634,9.558799484
132,-2539,1.545024633,,,68509.89239,68.50989239,156.5541508,9.550986815
133,-2541,1.545024633,,,68844.41707,68.84441707,156.5463381,9.550986815
134,-2544,1.545024633,,,69490.70563,69.49070563,156.5385254,9.543174147
135,-2546,1.545024633,,,70137.00149,70.13700149,156.5307128,9.535361479
136,-2542,1.545024633,,,70783.30464,70.78330464,156.5229001,9.527548811
137,-2544,1.353830576,,,71429.61508,71.42961508,156.5150874,9.519736143
138,-2545,1.353830576,,,72075.9328,72.0759328,156.5072748,9.511923475
139,-2549,1.353830576,,,72722.2578,72.7222578,156.4994621,9.504110806
140,-2553,1.353830576,,,73368.59007,73.36859007,156.4916494,9.496298138
141,-2556,1.639930487,,,74014.9296,74.0149296,156.4838367,9.48848547
142,-2556,1.639930487,,,74661.2764,74.6612764,156.4760241,9.480672802
143,-2565,1.639930487,,,75307.63044,75.30763044,156.4682114,9.472860134
144,-2569,1.639930487,,,75953.99174,75.95399174,156.4603987,9.465047466
145,-2566,1.639930487,,,76600.36027,76.60036027,156.4525861,9.457234798
146,-2571,1.639930487,,,77246.73604,77.24673604,156.4447734,9.449422129
147,-2576,1.639930487,,,77581.31158,77.58131158,156.4369607,9.449422129
148,-2579,1.639930487,,,78227.69832,78.22769832,156.4291481,9.441609461
149,-2583,1.639930487,,,78874.09228,78.87409228,156.4213354,9.433796793
150,-2585,1.639930487,,,79520.49346,79.52049346,156.4135227,9.425984125
151,-2586,1.642568588,,,80166.90185,80.16690185,156.4057101,9.418171457
152,-2588,1.642568588,,,80813.31744,80.81331744,156.3978974,9.410358789
153,-2586,1.642568588,,,81459.74023,81.45974023,156.3900847,9.402546121
154,-2586,1.642568588,,,81459.74023,81.45974023,156.3900847,9.402546121
155,-2585,1.697370172,,,82093.12642,82.09312642,156.3822721,9.394733452
156,-2584,1.697370172,,,82469.90656,82.46990656,156.3822721,9.386920784
157,-2586,1.697370172,,,83106.33409,83.10633409,156.3744594,9.379108116
158,-2587,1.697370172,,,83742.76645,83.74276645,156.3666467,9.371295448
159,-2587,1.697370172,,,84379.20363,84.37920363,156.3588341,9.36348278
160,-2586,1.697370172,,,84755.99404,84.75599404,156.3588341,9.355670112
161,-2587,1.697370172,,,85392.43889,85.39243889,156.3510214,9.347857443
162,-2588,1.697370172,,,86028.88856,86.02888856,156.3432087,9.340044775
163,-2586,1.697370172,,,86405.68635,86.40568635,156.3432087,9.332232107
164,-2587,1.697370172,,,87042.14367,87.04214367,156.3353961,9.324419439
165,-2584,1.693852663,,,87678.60579,87.67860579,156.3275834,9.316606771
166,-2578,1.693852663,,,88055.41094,88.05541094,156.3275834,9.308794103
167,-2571,1.693852663,,,88691.8807,88.6918807,156.3197707,9.300981435
168,-2576,1.693852663,,,89328.35524,89.32835524,156.311958,9.293168766
169,-2577,1.693852663,,,89964.83456,89.96483456,156.3041454,9.285356098
170,-2574,1.693852663,,,90341.6499,90.3416499,156.3041454,9.27754343
171,-2577,1.693852663,,,90978.13683,90.97813683,156.2963327,9.269730762
172,-2573,1.693852663,,,91614.62853,91.61462853,156.28852,9.261918094
173,-2569,1.693852663,,,91991.45119,91.99145119,156.28852,9.254105426
174,-2570,1.791599751,,,92627.95048,92.62795048,156.2807074,9.246292757
175,-2572,1.791599751,,,93264.45453,93.26445453,156.2728947,9.238480089
176,-2567,1.791599751,,,93641.28449,93.64128449,156.2728947,9.230667421
177,-2565,1.791599751,,,94277.79611,94.27779611,156.265082,9.222854753
178,-2563,1.751640439,,,94914.31248,94.91431248,156.2572694,9.215042085
179,-2557,1.751640439,,,95550.83359,95.55083359,156.2494567,9.207229417
180,-2557,1.751640439,,,95927.67364,95.92767364,156.2494567,9.199416749
181,-2561,1.751640439,,,96564.2023,96.5642023,156.241644,9.19160408
182,-2563,1.751640439,,,97200.73568,97.20073568,156.2338314,9.183791412
183,-2559,1.751640439,,,97577.583,97.577583,156.2338314,9.175978744
184,-2562,1.751640439,,,98214.1239,98.2141239,156.2260187,9.168166076
185,-2565,1.751640439,,,98850.66953,98.85066953,156.218206,9.160353408
186,-2561,1.751640439,,,99227.52408,99.22752408,156.218206,9.15254074
187,-2564,1.751640439,,,99864.07722,99.86407722,156.2103934,9.144728072
188,-2570,1.751640439,,,100500.6351,100.5006351,156.2025807,9.136915403
189,-2576,1.751640439,,,101137.1976,101.1371976,156.194768,9.129102735
190,-2568,1.751640439,,,101514.0622,101.5140622,156.194768,9.121290067
191,-2568,1.690763354,,,102150.6322,102.1506322,156.1869554,9.113477399
192,-2561,1.685860157,,,102787.2069,102.7872069,156.1791427,9.105664731
193,-2555,1.685860157,,,103164.0786,103.1640786,156.1791427,9.097852063
194,-2557,1.685860157,,,103869.2555,103.8692555,156.17133,9.090039394
195,-2557,1.685860157,,,103869.2555,103.8692555,156.17133,9.090039394
196,-2561,1.685860157,,,104287.0116,104.2870116,156.1635174,9.090039394
197,-2553,1.685860157,,,104891.119,104.891119,156.1557047,9.082226726
198,-2558,1.685860157,,,105308.8819,105.3088819,156.147892,9.082226726
199,-2544,1.685860157,,,105912.9992,105.9129992,156.1400793,9.074414058
200,-2550,1.685860157,,,106330.7689,106.3307689,156.1322667,9.074414058
201,-2545,1.685860157,,,106934.8959,106.9348959,156.124454,9.06660139
202,-2554,1.685860157,,,107352.6724,107.3526724,156.1166413,9.06660139
203,-2554,1.685860157,,,107956.8092,107.9568092,156.1088287,9.058788722
204,-2570,1.685860157,,,108374.5924,108.3745924,156.101016,9.058788722
205,-2559,1.685860157,,,108978.7391,108.9787391,156.0932033,9.050976054
206,-2565,1.72434628,,,109396.529,109.396529,156.0853907,9.050976054
207,-2569,1.72434628,,,109814.3217,109.8143217,156.077578,9.050976054
208,-2568,1.72434628,,,110418.4821,110.4184821,156.0697653,9.043163386
209,-2573,1.72434628,,,110836.2816,110.8362816,156.0619527,9.043163386
210,-2572,1.72434628,,,111440.4518,111.4404518,156.05414,9.035350717
211,-2577,1.72434628,,,111858.258,111.858258,156.0463273,9.035350717
212,-2571,1.72434628,,,112462.4379,112.4624379,156.0385147,9.027538049
213,-2579,1.72434628,,,112880.2509,112.8802509,156.030702,9.027538049
214,-2575,1.750717163,,,113484.4406,113.4844406,156.0228893,9.019725381
215,-2578,1.750717163,,,113902.2603,113.9022603,156.0150767,9.019725381
216,-2583,1.750717163,,,114320.0827,114.3200827,156.007264,9.019725381
217,-2581,1.750717163,,,114924.2861,114.9242861,155.9994513,9.011912713
218,-2586,1.750717163,,,115342.1153,115.3421153,155.9916387,9.011912713
219,-2585,1.689364552,,,115946.3284,115.9463284,155.983826,9.004100045
220,-2590,1.689364552,,,116364.1643,116.3641643,155.9760133,9.004100045
221,-2584,1.689364552,,,116968.3871,116.9683871,155.9682006,8.996287377
222,-2596,1.689364552,,,117386.2298,117.3862298,155.960388,8.996287377
223,-2602,1.689364552,,,117990.4623,117.9904623,155.9525753,8.988474708
224,-2603,1.689364552,,,118408.3116,118.4083116,155.9447626,8.988474708
225,-2593,1.689364552,,,119012.5539,119.0125539,155.93695,8.98066204
226,-2590,1.689364552,,,119430.4099,119.4304099,155.9291373,8.98066204
227,-2590,1.689364552,,,119430.4099,119.4304099,155.9291373,8.98066204
228,-2587,1.689364552,,,119938.439,119.938439,155.9291373,8.972849372
229,-2584,1.689364552,,,120392.9745,120.3929745,155.9291373,8.965036704
230,-2581,1.689364552,,,120847.5098,120.8475098,155.9291373,8.957224036
231,-2575,1.689364552,,,121357.0268,121.3570268,155.9213246,8.949411368
232,-2571,1.689364552,,,121811.5617,121.8115617,155.9213246,8.9415987
233,-2568,1.689364552,,,122266.0964,122.2660964,155.9213246,8.933786031
234,-2566,1.689364552,,,122720.631,122.720631,155.9213246,8.925973363
235,-2566,1.67336309,,,123175.1653,123.1751653,155.9213246,8.918160695
236,-2567,1.67336309,,,123629.6994,123.6296994,155.9213246,8.910348027
237,-2569,1.67336309,,,124084.2334,124.0842334,155.9213246,8.902535359
238,-2568,1.67336309,,,124593.7489,124.5937489,155.913512,8.894722691
239,-2571,1.67336309,,,125048.2825,125.0482825,155.913512,8.886910023
240,-2575,1.67336309,,,125502.8158,125.5028158,155.913512,8.879097354
241,-2578,1.67336309,,,125957.349,125.957349,155.913512,8.871284686
242,-2581,1.67336309,,,126411.882,126.411882,155.913512,8.863472018
243,-2585,1.67336309,,,126866.4148,126.8664148,155.913512,8.85565935
244,-2585,1.67336309,,,127320.9474,127.3209474,155.913512,8.847846682
245,-2598,1.67336309,,,127830.4615,127.8304615,155.9056993,8.840034014
246,-2607,1.67336309,,,128284.9937,128.2849937,155.9056993,8.832221345
247,-2613,1.67336309,,,128739.5257,128.7395257,155.9056993,8.824408677
248,-2615,1.598351359,,,129194.0576,129.1940576,155.9056993,8.816596009
249,-2618,1.598351359,,,129648.5892,129.6485892,155.9056993,8.808783341
250,-2623,1.598351359,,,130103.1207,130.1031207,155.9056993,8.800970673
251,-2628,1.598351359,,,130557.652,130.557652,155.9056993,8.793158005
252,-2634,1.598351359,,,131067.1645,131.0671645,155.8978866,8.785345337
253,-2634,1.598351359,,,131521.6954,131.5216954,155.8978866,8.777532668
254,-2646,1.598351359,,,131976.2261,131.9762261,155.8978866,8.76972
255,-2648,1.598351359,,,132430.7567,132.4307567,155.8978866,8.761907332
256,-2650,1.598351359,,,132885.287,132.885287,155.8978866,8.754094664
257,-2651,1.598351359,,,133339.8172,133.3398172,155.8978866,8.746281996
258,-2652,1.598351359,,,133794.3471,133.7943471,155.8978866,8.738469328
259,-2653,1.598351359,,,134303.8582,134.3038582,155.890074,8.730656659
260,-2653,1.598351359,,,134758.3878,134.7583878,155.890074,8.722843991
261,-2653,1.629780769,,,135212.9172,135.2129172,155.890074,8.715031323
262,-2653,1.629780769,,,135667.4464,135.6674464,155.890074,8.707218655
263,-2653,1.629780769,,,135667.4464,135.6674464,155.890074,8.707218655
264,-2653,1.629780769,,,136072.2747,136.0722747,155.890074,8.699405987
265,-2653,1.629780769,,,136527.0753,136.5270753,155.890074,8.691593319
266,-2653,1.629780769,,,136981.8757,136.9818757,155.890074,8.683780651
267,-2653,1.629780769,,,137436.6759,137.4366759,155.890074,8.675967982
268,-2652,1.629780769,,,137944.162,137.944162,155.8978866,8.668155314
269,-2653,1.629780769,,,138398.9618,138.3989618,155.8978866,8.660342646
270,-2652,1.629780769,,,138853.7615,138.8537615,155.8978866,8.652529978
271,-2652,1.629780769,,,139308.5609,139.3085609,155.8978866,8.64471731
272,-2652,1.629780769,,,139763.3601,139.7633601,155.8978866,8.636904642
273,-2654,1.629780769,,,140218.1591,140.2181591,155.8978866,8.629091974
274,-2654,1.629780769,,,140672.958,140.672958,155.8978866,8.621279305
275,-2654,1.693717122,,,141127.7566,141.1277566,155.8978866,8.613466637
276,-2655,1.693717122,,,141635.241,141.635241,155.9056993,8.605653969
277,-2656,1.693717122,,,142090.0392,142.0900392,155.9056993,8.597841301
278,-2640,1.693717122,,,142544.8373,142.5448373,155.9056993,8.590028633
279,-2609,1.693717122,,,142999.6351,142.9996351,155.9056993,8.582215965
280,-2597,1.693717122,,,143454.4328,143.4544328,155.9056993,8.574403296
281,-2597,1.693717122,,,143909.2302,143.9092302,155.9056993,8.566590628
282,-2617,1.693717122,,,144364.0275,144.3640275,155.9056993,8.55877796
283,-2609,1.693717122,,,144818.8246,144.8188246,155.9056993,8.550965292
284,-2639,1.693717122,,,145326.3072,145.3263072,155.913512,8.543152624
285,-2637,1.693717122,,,145781.1039,145.7811039,155.913512,8.535339956
286,-2626,1.693717122,,,146235.9004,146.2359004,155.913512,8.527527288
287,-2618,1.723457456,,,146690.6966,146.6906966,155.913512,8.519714619
288,-2623,1.723457456,,,147145.4927,147.1454927,155.913512,8.511901951
289,-2624,1.723457456,,,147600.2887,147.6002887,155.913512,8.504089283
290,-2624,1.723457456,,,148055.0844,148.0550844,155.913512,8.496276615
291,-2616,1.723457456,,,148509.8799,148.5098799,155.913512,8.488463947
292,-2636,1.723457456,,,149017.3608,149.0173608,155.9213246,8.480651279
293,-2632,1.723457456,,,149472.1559,149.4721559,155.9213246,8.47283861
294,-2632,1.723457456,,,149926.9508,149.9269508,155.9213246,8.465025942
295,-2633,1.723457456,,,150381.7456,150.3817456,155.9213246,8.457213274
296,-2636,1.723457456,,,150836.5401,150.8365401,155.9213246,8.449400606
297,-2642,1.723457456,,,151291.3345,151.2913345,155.9213246,8.441587938
298,-2642,1.723457456,,,151746.1286,151.7461286,155.9213246,8.43377527
299,-2644,1.723457456,,,152200.9226,152.2009226,155.9213246,8.425962602
300,-2653,1.662189722,,,152708.4018,152.7084018,155.9291373,8.418149933
301,-2654,1.662189722,,,153163.1953,153.1631953,155.9291373,8.410337265
302,-2656,1.662189722,,,153617.9887,153.6179887,155.9291373,8.402524597
303,-2657,1.662189722,,,154072.7819,154.0727819,155.9291373,8.394711929
304,-2657,1.662189722,,,154527.575,154.527575,155.9291373,8.386899261
305,-2656,1.662189722,,,154982.3678,154.9823678,155.9291373,8.379086593
306,-2656,1.662189722,,,155437.1604,155.4371604,155.9291373,8.371273925
307,-2656,1.662189722,,,155891.9529,155.8919529,155.9291373,8.363461256
308,-2656,1.662189722,,,156399.4303,156.3994303,155.93695,8.355648588
309,-2656,1.662189722,,,156854.2223,156.8542223,155.93695,8.34783592
310,-2656,1.662189722,,,157309.0142,157.3090142,155.93695,8.340023252
311,-2656,1.662189722,,,157763.8059,157.7638059,155.93695,8.332210584
312,-2656,1.662189722,,,158218.5974,158.2185974,155.93695,8.324397916
313,-2656,1.594397783,,,158673.3887,158.6733887,155.93695,8.316585247
314,-2656,1.594397783,,,159128.1798,159.1281798,155.93695,8.308772579
315,-2656,1.594397783,,,159582.9707,159.5829707,155.93695,8.300959911
316,-2656,1.594397783,,,160037.7615,160.0377615,155.93695,8.293147243
317,-2656,1.594397783,,,160545.237,160.545237,155.9447626,8.285334575
318,-2657,1.594397783,,,161000.0273,161.0000273,155.9447626,8.277521907
319,-2657,1.594397783,,,161454.8175,161.4548175,155.9447626,8.269709239
320,-2657,1.594397783,,,161909.6075,161.9096075,155.9447626,8.26189657
321,-2657,1.594397783,,,162364.3972,162.3643972,155.9447626,8.254083902
322,-2657,1.594397783,,,162819.1868,162.8191868,155.9447626,8.246271234
323,-2657,1.594397783,,,163273.9763,163.2739763,155.9447626,8.238458566
324,-2657,1.594397783,,,163728.7655,163.7287655,155.9447626,8.230645898
325,-2657,1.594397783,19.093,-2676.093,164236.2393,164.2362393,155.9525753,8.22283323
326,-2658,1.533402205,19.093,-2677.093,164691.0282,164.6910282,155.9525753,8.215020561
327,-2658,1.533402205,19.093,-2677.093,165145.8168,165.1458168,155.9525753,8.207207893
328,-2658,1.533402205,20.599,-2678.599,165600.6053,165.6006053,155.9525753,8.199395225
329,-2658,1.533402205,22.859,-2680.859,166055.3936,166.0553936,155.9525753,8.191582557
330,-2659,1.533402205,21.673,-2680.673,166510.1817,166.5101817,155.9525753,8.183769889
331,-2659,1.533402205,22.496,-2681.496,166964.9696,166.9649696,155.9525753,8.175957221
332,-2659,1.533402205,22.821,-2681.821,167419.7573,167.4197573,155.9525753,8.168144553
333,-2659,1.533402205,23.718,-2682.718,167927.2295,167.9272295,155.960388,8.160331884
334,-2659,1.533402205,23.494,-2682.494,168382.0168,168.3820168,155.960388,8.152519216
335,-2660,1.533402205,23.666,-2683.666,168836.804,168.836804,155.960388,8.144706548
336,-2660,1.533402205,24.199,-2684.199,169291.591,169.291591,155.960388,8.13689388
337,-2660,1.533402205,26.612,-2686.612,169746.3777,169.7463777,155.960388,8.129081212
338,-2660,1.533402205,27.117,-2687.117,170201.1644,170.2011644,155.960388,8.121268544
339,-2660,1.598500729,27.932,-2687.932,170655.9508,170.6559508,155.960388,8.113455876
340,-2661,1.598500729,28.037,-2689.037,171110.737,171.110737,155.960388,8.105643207
341,-2660,1.598500729,28.947,-2688.947,171618.2075,171.6182075,155.9682006,8.097830539
342,-2660,1.598500729,28.786,-2688.786,172072.9934,172.0729934,155.9682006,8.090017871
343,-2660,1.598500729,30.462,-2690.462,172527.7791,172.5277791,155.9682006,8.082205203
344,-2661,1.598500729,30.607,-2691.607,172982.5646,172.9825646,155.9682006,8.074392535
345,-2661,1.598500729,30.551,-2691.551,173437.3499,173.4373499,155.9682006,8.066579867
346,-2661,1.598500729,30.662,-2691.662,173892.135,173.892135,155.9682006,8.058767198
347,-2662,1.598500729,34.851,-2696.851,174346.9199,174.3469199,155.9682006,8.05095453
348,-2662,1.598500729,36.293,-2698.293,174801.7047,174.8017047,155.9682006,8.043141862
349,-2663,1.598500729,33.387,-2696.387,175309.1736,175.3091736,155.9760133,8.035329194
350,-2664,1.598500729,33.845,-2697.845,175763.9579,175.7639579,155.9760133,8.027516526
351,-2664,1.728784084,33.537,-2697.537,176218.7421,176.2187421,155.9760133,8.019703858
352,-2664,1.728784084,32.482,-2696.482,176673.5262,176.6735262,155.9760133,8.01189119
353,-2664,1.728784084,34.804,-2698.804,177128.31,177.12831,155.9760133,8.004078521
354,-2664,1.728784084,32.547,-2696.547,177583.0937,177.5830937,155.9760133,7.996265853
355,-2664,1.728784084,34.448,-2698.448,178037.8771,178.0378771,155.9760133,7.988453185
356,-2665,1.728784084,34.215,-2699.215,178492.6604,178.4926604,155.9760133,7.980640517
357,-2665,1.728784084,33.897,-2698.897,179000.1277,179.0001277,155.983826,7.972827849
358,-2665,1.728784084,34.188,-2699.188,179454.9106,179.4549106,155.983826,7.965015181
359,-2665,1.728784084,34.354,-2699.354,179909.6933,179.9096933,155.983826,7.957202512
360,-2665,1.728784084,34.383,-2699.383,180364.4759,180.3644759,155.983826,7.949389844
361,-2665,1.728784084,34.252,-2699.252,180658.2495,180.6582495,155.983826,7.941577176
362,-2665,1.728784084,34.252,-2699.252,180658.2495,180.6582495,155.983826,7.941577176
363,-2665,1.728784084,33.692,-2698.692,181303.8268,181.3038268,155.9760133,7.933764508
364,-2665,1.728784084,34.995,-2699.995,181949.4104,181.9494104,155.9682006,7.92595184
365,-2665,1.728784084,,,182301.2642,182.3012642,155.960388,7.92595184
366,-2664,1.757105112,,,182946.8575,182.9468575,155.9525753,7.918139172
367,-2663,1.757105112,,,183592.4572,183.5924572,155.9447626,7.910326504
368,-2663,1.757105112,,,184238.0631,184.2380631,155.93695,7.902513835
369,-2663,1.757105112,,,184883.6753,184.8836753,155.9291373,7.894701167
370,-2665,1.757105112,,,185529.2938,185.5292938,155.9213246,7.886888499
371,-2666,1.757105112,,,185881.1666,185.8811666,155.913512,7.886888499
372,-2666,1.757105112,,,186526.7947,186.5267947,155.9056993,7.879075831
373,-2666,1.757105112,,,187172.4292,187.1724292,155.8978866,7.871263163
374,-2666,1.757105112,,,187818.0699,187.8180699,155.890074,7.863450495
375,-2665,1.727743745,,,188463.7168,188.4637168,155.8822613,7.855637827
376,-2664,1.727743745,,,189109.37,189.10937,155.8744486,7.847825158
377,-2664,1.727743745,,,189461.2617,189.4612617,155.866636,7.847825158
378,-2664,1.727743745,,,190106.9245,190.1069245,155.8588233,7.84001249
379,-2665,1.727743745,,,190752.5935,190.7525935,155.8510106,7.832199822
380,-2666,1.727743745,,,191398.2688,191.3982688,155.843198,7.824387154
381,-2667,1.670549154,,,192043.9503,192.0439503,155.8353853,7.816574486
382,-2666,1.670549154,,,192689.638,192.689638,155.8275726,7.808761818
383,-2666,1.670549154,,,193041.5485,193.0415485,155.81976,7.808761818
384,-2666,1.670549154,,,193687.2457,193.6872457,155.8119473,7.800949149
385,-2665,1.670549154,,,194332.9492,194.3329492,155.8041346,7.793136481
386,-2664,1.670549154,,,194978.6589,194.9786589,155.7963219,7.785323813
387,-2664,1.670549154,,,195624.3748,195.6243748,155.7885093,7.777511145
388,-2664,1.552379131,,,196270.0968,196.2700968,155.7806966,7.769698477
389,-2664,1.552379131,,,196622.026,196.622026,155.7728839,7.769698477
390,-2664,1.552379131,,,197267.7576,197.2677576,155.7650713,7.761885809
391,-2663,1.552379131,,,197913.4954,197.9134954,155.7572586,7.754073141
392,-2662,1.552379131,,,198559.2393,198.5592393,155.7494459,7.746260472
393,-2661,1.552379131,,,199204.9894,199.2049894,155.7416333,7.738447804
394,-2662,1.552379131,,,199850.7456,199.8507456,155.7338206,7.730635136
395,-2662,1.552379131,,,200202.6934,200.2026934,155.7260079,7.730635136
396,-2661,1.552379131,,,200848.4591,200.8484591,155.7181953,7.722822468
397,-2660,1.710498452,,,201494.2309,201.4942309,155.7103826,7.7150098
398,-2660,1.710498452,,,202140.0089,202.1400089,155.7025699,7.707197132
399,-2660,1.710498452,,,202785.793,202.785793,155.6947573,7.699384463
400,-2659,1.298342347,,,203431.5832,203.4315832,155.6869446,7.691571795
401,-2659,1.298342347,,,203783.5495,203.7835495,155.6791319,7.691571795
402,-2659,1.298342347,,,204429.3492,204.4293492,155.6713193,7.683759127
403,-2659,1.298342347,,,205075.155,205.075155,155.6635066,7.675946459
404,-2659,1.298342347,,,205720.9668,205.7209668,155.6556939,7.668133791
405,-2659,1.298342347,,,206366.7848,206.3667848,155.6478813,7.660321123
406,-2659,1.298342347,,,207012.6088,207.0126088,155.6400686,7.652508455
407,-2659,1.298342347,,,207364.5935,207.3645935,155.6322559,7.652508455
408,-2660,1.298342347,,,208010.427,208.010427,155.6244433,7.644695786
409,-2660,1.298342347,,,208656.2665,208.6562665,155.6166306,7.636883118
410,-2660,1.298342347,,,209302.1121,209.3021121,155.6088179,7.62907045
411,-2660,1.298342347,,,209947.9637,209.9479637,155.6010052,7.621257782
412,-2660,1.401760817,,,210593.8214,210.5938214,155.5931926,7.613445114
413,-2660,1.191094518,,,210945.8245,210.9458245,155.5853799,7.613445114
414,-2660,1.191094518,22.008,-2682.008,211591.6915,211.5916915,155.5775672,7.605632446
415,-2659,1.191094518,21.579,-2680.579,212237.5646,212.2375646,155.5697546,7.597819778
416,-2659,1.191094518,28.243,-2687.243,212883.4437,212.8834437,155.5619419,7.590007109
417,-2659,1.191094518,21.472,-2680.472,213529.3289,213.5293289,155.5541292,7.582194441
418,-2659,1.191094518,,,214175.2201,214.1752201,155.5463166,7.574381773
419,-2659,1.191094518,,,214527.2413,214.5272413,155.5385039,7.574381773
420,-2658,1.191094518,,,215173.1418,215.1731418,155.5306912,7.566569105
421,-2658,1.191094518,,,215819.0483,215.8190483,155.5228786,7.558756437
422,-2658,1.191094518,,,216464.9608,216.4649608,155.5150659,7.550943769
423,-2658,1.191094518,,,217110.8793,217.1108793,155.5072532,7.5431311
424,-2658,1.191094518,,,217756.8038,217.7568038,155.4994406,7.535318432
425,-2658,1.191094518,,,218108.8432,218.1088432,155.4916279,7.535318432
426,-2659,1.250143528,,,218754.7769,218.7547769,155.4838152,7.527505764
427,-2659,1.404529452,,,219400.7166,219.4007166,155.4760026,7.519693096
428,-2659,1.404529452,,,220046.6623,220.0466623,155.4681899,7.511880428
429,-2659,1.404529452,,,220692.6139,220.6926139,155.4603772,7.50406776
430,-2659,1.404529452,,,221338.5716,221.3385716,155.4525646,7.496255092
431,-2659,1.404529452,,,221690.629,221.690629,155.4447519,7.496255092
432,-2659,1.404529452,,,222336.5958,222.3365958,155.4369392,7.488442423
433,-2659,1.404529452,,,222982.5686,222.9825686,155.4291265,7.480629755
434,-2660,1.404529452,,,223628.5473,223.6285473,155.4213139,7.472817087
435,-2660,1.404529452,,,224274.5319,224.2745319,155.4135012,7.465004419
436,-2660,1.404529452,,,224920.5225,224.9205225,155.4056885,7.457191751
437,-2660,1.404529452,,,225272.5979,225.2725979,155.3978759,7.457191751
438,-2661,1.404529452,,,225918.5976,225.9185976,155.3900632,7.449379083
439,-2660,1.472616315,,,226564.6033,226.5646033,155.3822505,7.441566414
440,-2660,1.472616315,,,227210.6148,227.2106148,155.3744379,7.433753746
441,-2661,1.472616315,,,227856.6323,227.8566323,155.3666252,7.425941078
442,-2661,1.538778663,,,228502.6556,228.5026556,155.3588125,7.41812841
443,-2662,1.538778663,,,228854.7489,228.8547489,155.3509999,7.41812841
444,-2661,1.538778663,,,229500.7813,229.5007813,155.3431872,7.410315742
445,-2662,1.538778663,,,230146.8197,230.1468197,155.3353745,7.402503074
446,-2662,1.538778663,,,230792.8639,230.7928639,155.3275619,7.394690406
447,-2663,1.538778663,,,231438.914,231.438914,155.3197492,7.386877737
448,-2663,1.538778663,,,232084.9699,232.0849699,155.3119365,7.379065069
449,-2663,1.538778663,,,232437.081,232.437081,155.3041239,7.379065069
450,-2662,1.538778663,,,233083.146,233.083146,155.2963112,7.371252401
451,-2662,1.538778663,,,233729.2168,233.7292168,155.2884985,7.363439733
452,-2663,1.515571117,,,234375.2936,234.3752936,155.2806859,7.355627065
453,-2663,1.515571117,,,235021.3761,235.0213761,155.2728732,7.347814397
454,-2664,1.515571117,,,235667.4645,235.6674645,155.2650605,7.340001729
455,-2664,1.515571117,,,236019.5932,236.0195932,155.2572478,7.340001729
456,-2663,1.515571117,,,236665.6906,236.6656906,155.2494352,7.33218906
457,-2663,1.515571117,,,237311.7938,237.3117938,155.2416225,7.324376392
458,-2664,1.568811059,,,237957.9029,237.9579029,155.2338098,7.316563724
459,-2664,1.568811059,22.233,-2686.233,238604.0177,238.6040177,155.2259972,7.308751056
460,-2664,1.568811059,21.292,-2685.292,239250.1384,239.2501384,155.2181845,7.300938388
461,-2664,1.568811059,21.292,-2685.292,239602.2847,239.6022847,155.2103718,7.300938388
462,-2664,1.568811059,21.292,-2685.292,240248.4143,240.2484143,155.2025592,7.29312572
463,-2664,1.568811059,,,240894.5497,240.8945497,155.1947465,7.285313051
464,-2664,1.513334274,,,241540.6909,241.5406909,155.1869338,7.277500383
465,-2664,1.513334274,,,242186.8379,242.1868379,155.1791212,7.269687715
466,-2664,1.513334274,,,242832.9906,242.8329906,155.1713085,7.261875047
467,-2665,1.513334274,,,243185.1543,243.1851543,155.1634958,7.261875047
468,-2665,1.513334274,,,243831.316,243.831316,155.1556832,7.254062379
469,-2665,1.513334274,,,244477.4834,244.4774834,155.1478705,7.246249711
470,-2665,1.513334274,,,245123.6566,245.1236566,155.1400578,7.238437043
471,-2665,1.513334274,,,245769.8355,245.7698355,155.1322452,7.230624374
472,-2665,1.513334274,,,246416.0202,246.4160202,155.1244325,7.222811706
473,-2665,1.513334274,,,246768.2013,246.7682013,155.1166198,7.222811706
474,-2665,1.564340353,,,247414.3948,247.4143948,155.1088072,7.214999038
475,-2666,1.564340353,,,248060.5941,248.0605941,155.1009945,7.20718637
476,-2666,1.564340353,,,248706.7991,248.7067991,155.0931818,7.199373702
477,-2666,1.390483737,,,249353.0098,249.3530098,155.0853691,7.191561034
478,-2666,1.390483737,,,249999.2262,249.9992262,155.0775565,7.183748366
479,-2666,1.390483737,,,250351.4246,250.3514246,155.0697438,7.183748366
480,-2666,1.390483737,,,250997.6498,250.9976498,155.0619311,7.175935697
481,-2667,1.390483737,,,251643.8807,251.6438807,155.0541185,7.168123029
482,-2667,1.390483737,,,252290.1173,252.2901173,155.0463058,7.160310361
483,-2667,1.390483737,,,252936.3596,252.9363596,155.0384931,7.152497693
484,-2667,1.390483737,,,253582.6076,253.5826076,155.0306805,7.144685025
485,-2667,1.390483737,,,253934.8232,253.9348232,155.0228678,7.144685025
486,-2668,1.390483737,,,254581.0799,254.5810799,155.0150551,7.136872357
487,-2668,1.390483737,,,255227.3423,255.2273423,155.0072425,7.129059688
488,-2668,1.390483737,,,255873.6104,255.8736104,154.9994298,7.12124702
489,-2668,1.467827916,,,256519.8841,256.5198841,154.9916171,7.113434352
490,-2668,1.494491816,,,257166.1635,257.1661635,154.9838045,7.105621684
491,-2668,1.494491816,,,257518.3962,257.5183962,154.9759918,7.105621684
492,-2669,1.494491816,,,258164.6843,258.1646843,154.9681791,7.097809016
493,-2670,1.494491816,,,258810.978,258.810978,154.9603665,7.089996348
494,-2670,1.494491816,,,259457.2774,259.4572774,154.9525538,7.08218368
495,-2670,1.494491816,,,260103.5824,260.1035824,154.9447411,7.074371011
496,-2670,1.494491816,24.786,-2694.786,260749.893,260.749893,154.9369285,7.066558343
497,-2670,1.494491816,23.774,-2693.774,261102.1427,261.1021427,154.9291158,7.066558343
498,-2670,1.494491816,24.786,-2694.786,261748.4619,261.7484619,154.9213031,7.058745675
499,-2671,1.494491816,25.818,-2696.818,262394.7868,262.3947868,154.9134904,7.050933007
500,-2672,1.494491816,20.338,-2692.338,263041.1173,263.0411173,154.9056778,7.043120339
501,-2672,1.494491816,22.828,-2694.828,263687.4533,263.6874533,154.8978651,7.035307671
502,-2672,1.494491816,22.828,-2694.828,264039.7169,264.0397169,154.8900524,7.035307671
503,-2674,1.519979239,,,264686.0616,264.6860616,154.8822398,7.027495002
504,-2674,1.629100323,,,265332.4119,265.3324119,154.8744271,7.019682334
505,-2674,1.629100323,,,265978.7677,265.9787677,154.8666144,7.011869666
506,-2674,1.629100323,,,266625.1291,266.6251291,154.8588018,7.004056998
507,-2674,1.629100323,,,267271.4961,267.2714961,154.8509891,6.99624433
508,-2674,1.629100323,,,267623.7765,267.6237765,154.8431764,6.99624433
509,-2675,1.629100323,,,268270.152,268.270152,154.8353638,6.988431662
510,-2675,1.629100323,,,268916.5331,268.9165331,154.8275511,6.980618994
511,-2676,1.629100323,,,269562.9198,269.5629198,154.8197384,6.972806325
512,-2676,1.629100323,,,270209.3119,270.2093119,154.8119258,6.964993657
513,-2676,1.629100323,,,270855.7096,270.8557096,154.8041131,6.957180989
514,-2676,1.629100323,,,271208.0068,271.2080068,154.7963004,6.957180989
515,-2676,1.553581595,,,271854.413,271.854413,154.7884878,6.949368321
516,-2676,1.553581595,,,272500.8248,272.5008248,154.7806751,6.941555653
517,-2676,1.553581595,,,273147.242,273.147242,154.7728624,6.933742985
518,-2676,1.553581595,,,273793.6648,273.7936648,154.7650498,6.925930317
519,-2676,1.511971474,,,274440.0931,274.4400931,154.7572371,6.918117648
520,-2676,1.511971474,,,274792.4068,274.7924068,154.7494244,6.918117648
521,-2676,1.511971474,,,275438.8436,275.4388436,154.7416117,6.91030498
522,-2676,1.511971474,,,276085.2858,276.0852858,154.7337991,6.902492312
523,-2676,1.511971474,,,276731.7335,276.7317335,154.7259864,6.894679644
524,-2676,1.511971474,,,277378.1867,277.3781867,154.7181737,6.886866976
525,-2676,1.511971474,,,278024.6454,278.0246454,154.7103611,6.879054308
526,-2676,1.511971474,,,278376.9757,278.3769757,154.7025484,6.879054308
527,-2677,1.511971474,,,279023.4428,279.0234428,154.6947357,6.871241639
528,-2676,1.538173556,,,279669.9153,279.6699153,154.6869231,6.863428971
529,-2676,1.538173556,,,280316.3933,280.3163933,154.6791104,6.855616303
530,-2676,1.538173556,,,280962.8768,280.9628768,154.6712977,6.847803635
531,-2676,1.538173556,,,281609.3657,281.6093657,154.6634851,6.839990967
532,-2676,1.538173556,,,281961.7124,281.9617124,154.6556724,6.839990967
533,-2676,1.538173556,,,282608.2097,282.6082097,154.6478597,6.832178299
534,-2676,1.538173556,,,283254.7124,283.2547124,154.6400471,6.824365631
535,-2677,1.484831214,,,283901.2205,283.9012205,154.6322344,6.816552962
536,-2677,1.484831214,,,284547.734,284.547734,154.6244217,6.808740294
537,-2676,1.484831214,,,285194.2529,285.1942529,154.6166091,6.800927626
538,-2676,1.484831214,,,285546.616,285.546616,154.6087964,6.800927626
539,-2676,1.484831214,,,286193.1433,286.1931433,154.6009837,6.793114958
540,-2676,1.484831214,,,286839.6759,286.8396759,154.5931711,6.78530229
541,-2677,1.477213383,,,287486.214,287.486214,154.5853584,6.777489622
542,-2677,1.477213383,,,288132.7574,288.1327574,154.5775457,6.769676953
543,-2677,1.477213383,,,288779.3062,288.7793062,154.5697331,6.761864285
544,-2677,1.477213383,,,289131.6856,289.1316856,154.5619204,6.761864285
545,-2677,1.477213383,,,289778.2427,289.7782427,154.5541077,6.754051617
546,-2677,1.477213383,,,290424.8051,290.4248051,154.546295,6.746238949
547,-2677,1.477213383,,,291071.3729,291.0713729,154.5384824,6.738426281
548,-2676,1.477213383,,,291717.946,291.717946,154.5306697,6.730613613
549,-2676,1.477213383,,,292364.5245,292.3645245,154.522857,6.722800945
550,-2676,1.477213383,,,292716.9201,292.7169201,154.5150444,6.722800945
551,-2676,1.357304931,,,293363.5068,293.3635068,154.5072317,6.714988276
552,-2676,1.357304931,,,294010.0989,294.0100989,154.499419,6.707175608
553,-2677,1.357304931,,,294656.6962,294.6566962,154.4916064,6.69936294
554,-2677,1.324366808,,,295303.2989,295.3032989,154.4837937,6.691550272
555,-2677,1.324366808,,,295949.907,295.949907,154.475981,6.683737604
556,-2677,1.324366808,,,296302.3186,296.3023186,154.4681684,6.683737604
557,-2678,1.324366808,,,296948.9348,296.9489348,154.4603557,6.675924936
558,-2678,1.324366808,,,297595.5563,297.5955563,154.452543,6.668112268
559,-2679,1.324366808,,,298242.1831,298.2421831,154.4447304,6.660299599
560,-2679,1.324366808,,,298888.8152,298.8888152,154.4369177,6.652486931
561,-2679,1.324366808,,,299535.4526,299.5354526,154.429105,6.644674263
562,-2678,1.324366808,,,299887.8802,299.8878802,154.4212924,6.644674263
563,-2679,1.324366808,,,300534.5257,300.5345257,154.4134797,6.636861595
564,-2678,1.324366808,,,301181.1765,301.1811765,154.405667,6.629048927
565,-2678,1.324366808,,,301827.8325,301.8278325,154.3978544,6.621236259
566,-2679,1.08930254,,,302474.4938,302.4744938,154.3900417,6.61342359
567,-2678,1.454724908,,,303121.1603,303.1211603,154.382229,6.605610922
568,-2679,1.454724908,,,303473.6039,303.4736039,154.3744163,6.605610922
569,-2679,1.454724908,,,304120.2785,304.1202785,154.3666037,6.597798254
570,-2679,1.454724908,,,304766.9584,304.7669584,154.358791,6.589985586
571,-2680,1.454724908,,,305413.6435,305.4136435,154.3509783,6.582172918
572,-2680,1.454724908,,,306060.3338,306.0603338,154.3431657,6.57436025
573,-2679,1.454724908,,,306707.0294,306.7070294,154.335353,6.566547582
574,-2679,1.454724908,,,307059.4887,307.0594887,154.3275403,6.566547582
575,-2679,1.454724908,,,307706.1923,307.7061923,154.3197277,6.558734913
576,-2679,1.454724908,,,308352.9011,308.3529011,154.311915,6.550922245
577,-2679,1.454724908,,,308999.6151,308.9996151,154.3041023,6.543109577
578,-2679,1.454724908,32.83,-2711.83,309646.3343,309.6463343,154.2962897,6.535296909
579,-2680,1.443480968,33.806,-2713.806,310293.0587,310.2930587,154.288477,6.527484241
580,-2680,1.443480968,33.806,-2713.806,310645.5337,310.6455337,154.2806643,6.527484241
581,-2680,1.350080848,32.15,-2712.15,311292.2661,311.2922661,154.2728517,6.519671573
582,-2679,1.350080848,30.151,-2709.151,311939.0036,311.9390036,154.265039,6.511858904
583,-2679,1.350080848,29.291,-2708.291,312585.7463,312.5857463,154.2572263,6.504046236
584,-2679,1.350080848,31.1,-2710.1,313232.4942,313.2324942,154.2494137,6.496233568
585,-2679,1.350080848,32.843,-2711.843,313879.2473,313.8792473,154.241601,6.4884209
586,-2680,1.350080848,,,314231.7379,314.2317379,154.2337883,6.4884209
587,-2680,1.350080848,,,314878.4989,314.8784989,154.2259757,6.480608232
588,-2680,1.350080848,,,315525.265,315.525265,154.218163,6.472795564
589,-2680,1.350080848,32.059,-2712.059,316172.0363,316.1720363,154.2103503,6.464982896
590,-2680,1.350080848,29.142,-2709.142,316818.8127,316.8188127,154.2025376,6.457170227
591,-2679,1.350080848,32.807,-2711.807,317465.5942,317.4655942,154.194725,6.449357559
592,-2679,1.347678781,32.807,-2711.807,317818.1004,317.8181004,154.1869123,6.449357559
593,-2679,1.347678781,,,318464.8898,318.4648898,154.1790996,6.441544891
594,-2679,1.347678781,25.806,-24.45832122,319111.6844,319.1116844,154.171287,6.433732223
595,-2679,1.347678781,26.086,-24.73832122,319758.484,319.758484,154.1634743,6.425919555
596,-2679,1.343062162,26.274,-24.93093784,320405.2888,320.4052888,154.1556616,6.418106887
597,-2680,1.343062162,22.592,-21.24893784,321052.0986,321.0520986,154.147849,6.410294219
598,-2680,1.343062162,22.592,-21.24893784,321404.6202,321.4046202,154.1400363,6.410294219
599,-2679,1.343062162,,,322051.4379,322.0514379,154.1322236,6.40248155
600,-2680,1.343062162,,,322698.2607,322.6982607,154.124411,6.394668882
601,-2681,1.343062162,,,323345.0885,323.3450885,154.1165983,6.386856214
602,-2680,1.343062162,,,323991.9215,323.9919215,154.1087856,6.379043546
603,-2680,1.343062162,,,324638.7594,324.6387594,154.100973,6.371230878
604,-2680,1.343062162,,,324991.2963,324.9912963,154.0931603,6.371230878
605,-2680,1.394868851,,,325638.1421,325.6381421,154.0853476,6.36341821
606,-2682,1.394868851,,,326284.993,326.284993,154.077535,6.355605541
607,-2682,1.394868851,,,326931.8489,326.9318489,154.0697223,6.347792873
608,-2683,1.394868851,,,327578.7098,327.5787098,154.0619096,6.339980205
609,-2684,1.394868851,,,328225.5758,328.2255758,154.054097,6.332167537
610,-2684,1.394868851,,,328578.1279,328.5781279,154.0462843,6.332167537
611,-2684,1.394868851,,,329225.0016,329.2250016,154.0384716,6.324354869
612,-2684,1.369048119,,,329871.8804,329.8718804,154.0306589,6.316542201
613,-2685,1.369048119,,,330518.7641,330.5187641,154.0228463,6.308729533
614,-2684,1.369048119,,,331165.6529,331.1656529,154.0150336,6.300916864
615,-2685,1.369048119,,,331812.5466,331.8125466,154.0072209,6.293104196
616,-2684,1.369048119,,,332165.1139,332.1651139,153.9994083,6.293104196
617,-2683,1.369048119,,,332812.0153,332.8120153,153.9915956,6.285291528
618,-2683,1.381071925,,,333458.9218,333.4589218,153.9837829,6.27747886
619,-2684,1.381071925,,,334105.8333,334.1058333,153.9759703,6.269666192
620,-2684,1.381071925,,,334752.7497,334.7527497,153.9681576,6.261853524
621,-2685,1.381071925,,,335399.6711,335.3996711,153.9603449,6.254040855
622,-2685,1.381071925,,,335752.2534,335.7522534,153.9525323,6.254040855
623,-2685,1.381071925,,,336399.1824,336.3991824,153.9447196,6.246228187
624,-2686,1.381071925,,,337046.1164,337.0461164,153.9369069,6.238415519
625,-2686,1.381071925,,,337693.0554,337.6930554,153.9290943,6.230602851
626,-2685,1.381071925,,,338339.9993,338.3399993,153.9212816,6.222790183
627,-2686,1.337659955,,,338986.9481,338.9869481,153.9134689,6.214977515
628,-2686,1.337659955,,,339339.5454,339.3395454,153.9056563,6.214977515
629,-2686,1.337659955,,,339986.5018,339.9865018,153.8978436,6.207164847
630,-2686,1.33724153,,,340633.4632,340.6334632,153.8900309,6.199352178
631,-2686,1.33724153,,,340633.4632,340.6334632,153.8900309,6.199352178
632,-2686,1.33724153,,,341272.0244,341.2720244,153.8822183,6.19153951
633,-2686,1.33724153,,,341672.9804,341.6729804,153.8744056,6.19153951
634,-2686,1.33724153,,,342298.9664,342.2989664,153.8665929,6.183726842
635,-2687,1.33724153,,,342699.9271,342.6999271,153.8587802,6.183726842
636,-2687,1.33724153,,,343325.9206,343.3259206,153.8509676,6.175914174
637,-2687,1.33724153,,,343726.8862,343.7268862,153.8431549,6.175914174
638,-2687,1.33724153,,,344352.8873,344.3528873,153.8353422,6.168101506
639,-2686,1.33724153,,,344753.8577,344.7538577,153.8275296,6.168101506
640,-2686,1.33724153,,,345379.8662,345.3798662,153.8197169,6.160288838
641,-2687,1.33724153,,,346005.8794,346.0058794,153.8119042,6.15247617
642,-2687,1.33724153,,,346406.8575,346.4068575,153.8040916,6.15247617
643,-2688,1.33724153,,,347032.8781,347.0328781,153.7962789,6.144663501
644,-2689,1.281642675,,,347433.8611,347.4338611,153.7884662,6.144663501
645,-2689,1.281642675,,,348059.8892,348.0598892,153.7806536,6.136850833
646,-2689,1.281642675,,,348460.8769,348.4608769,153.7728409,6.136850833
647,-2689,1.281642675,,,349086.9125,349.0869125,153.7650282,6.129038165
648,-2689,1.281642675,,,349712.9526,349.7129526,153.7572156,6.121225497
649,-2689,1.281642675,,,350113.9481,350.1139481,153.7494029,6.121225497
650,-2689,1.347114801,,,350739.9957,350.7399957,153.7415902,6.113412829
651,-2689,1.347114801,,,351140.9959,351.1409959,153.7337776,6.113412829
652,-2688,1.347114801,,,351767.0509,351.7670509,153.7259649,6.105600161
653,-2686,1.347114801,,,352168.0559,352.1680559,153.7181522,6.105600161
654,-2688,1.347114801,,,352794.1184,352.7941184,153.7103396,6.097787492
655,-2690,1.347114801,,,353195.1281,353.1951281,153.7025269,6.097787492
656,-2690,1.347114801,,,353821.198,353.821198,153.6947142,6.089974824
657,-2690,1.406249046,,,354447.2725,354.4472725,153.6869015,6.082162156
658,-2689,1.406249046,,,354848.2898,354.8482898,153.6790889,6.082162156
659,-2690,1.406249046,,,355474.3717,355.4743717,153.6712762,6.074349488
660,-2690,1.406249046,,,355875.3938,355.8753938,153.6634635,6.074349488
661,-2689,1.406249046,,,356501.483,356.501483,153.6556509,6.06653682
662,-2689,1.406249046,,,356902.5099,356.9025099,153.6478382,6.06653682
663,-2689,1.406249046,,,357528.6065,357.5286065,153.6400255,6.058724152
664,-2689,1.406249046,,,358154.7077,358.1547077,153.6322129,6.050911484
665,-2689,1.406249046,,,358555.7421,358.5557421,153.6244002,6.050911484
666,-2690,1.406249046,,,359181.8507,359.1818507,153.6165875,6.043098815
667,-2690,1.406249046,,,359582.8898,359.5828898,153.6087749,6.043098815
668,-2690,1.406249046,,,360209.0057,360.2090057,153.6009622,6.035286147
669,-2690,1.406249046,,,360610.0496,360.6100496,153.5931495,6.035286147
670,-2690,1.489641666,,,361236.1728,361.2361728,153.5853369,6.027473479
671,-2690,1.489641666,,,361637.2214,361.6372214,153.5775242,6.027473479
672,-2690,1.423119545,,,362263.352,362.263352,153.5697115,6.019660811
673,-2689,1.423119545,,,362889.487,362.889487,153.5618989,6.011848143
674,-2689,1.423119545,,,363290.5432,363.2905432,153.5540862,6.011848143
675,-2688,1.423119545,,,363916.6855,363.9166855,153.5462735,6.004035475
676,-2689,1.423119545,,,364317.7464,364.3177464,153.5384609,6.004035475
677,-2689,1.423119545,,,364943.8961,364.9438961,153.5306482,5.996222806
678,-2689,1.423119545,,,365344.9616,365.3449616,153.5228355,5.996222806
679,-2690,1.423119545,,,365971.1186,365.9711186,153.5150228,5.988410138
680,-2688,1.423119545,,,366372.1888,366.3721888,153.5072102,5.988410138
681,-2687,1.423119545,,,366998.353,366.998353,153.4993975,5.98059747
682,-2687,1.445860982,,,367624.5217,367.6245217,153.4915848,5.972784802
683,-2686,1.445860982,,,368025.5994,368.0255994,153.4837722,5.972784802
684,-2684,1.445860982,,,368651.7754,368.6517754,153.4759595,5.964972134
685,-2683,1.445860982,,,369052.8578,369.0528578,153.4681468,5.964972134
686,-2686,1.445860982,,,369679.041,369.679041,153.4603342,5.957159466
687,-2686,1.445860982,,,370080.128,370.080128,153.4525215,5.957159466
688,-2688,1.445860982,,,370706.3185,370.7063185,153.4447088,5.949346798
689,-2689,1.445860982,,,371332.5135,371.3325135,153.4368962,5.941534129
690,-2689,1.445860982,,,371733.6079,371.7336079,153.4290835,5.941534129
691,-2690,1.445860982,,,372359.8101,372.3598101,153.4212708,5.933721461
692,-2690,1.445860982,,,372760.9092,372.7609092,153.4134582,5.933721461
693,-2691,1.445860982,,,373387.1186,373.3871186,153.4056455,5.925908793
694,-2691,1.445860982,,,373788.2223,373.7882223,153.3978328,5.925908793
695,-2691,1.623393059,,,374414.4389,374.4144389,153.3900202,5.918096125
696,-2690,1.623393059,,,374815.5473,374.8155473,153.3822075,5.918096125
697,-2689,1.623393059,,,375441.7711,375.4417711,153.3743948,5.910283457
698,-2692,1.623393059,,,376067.9993,376.0679993,153.3665822,5.902470789
699,-2692,1.623393059,,,376469.1151,376.4691151,153.3587695,5.902470789
700,-2692,1.623393059,,,377095.3505,377.0953505,153.3509568,5.894658121
701,-2692,1.623393059,,,377496.4708,377.4964708,153.3431442,5.894658121
702,-2692,1.623393059,,,378122.7134,378.1227134,153.3353315,5.886845452
703,-2692,1.623393059,,,378523.8384,378.5238384,153.3275188,5.886845452
704,-2693,1.623393059,,,379150.0881,379.1500881,153.3197061,5.879032784
705,-2692,1.623393059,,,379776.3422,379.7763422,153.3118935,5.871220116
706,-2692,1.623393059,,,380177.4746,380.1774746,153.3040808,5.871220116
707,-2692,1.623393059,,,380803.7358,380.8037358,153.2962681,5.863407448
708,-2692,1.658432245,,,381204.8727,381.2048727,153.2884555,5.863407448
709,-2691,1.658432245,,,381831.1411,381.8311411,153.2806428,5.85559478
710,-2691,1.658432245,,,382232.2826,382.2322826,153.2728301,5.85559478
711,-2691,1.658432245,,,382858.5581,382.8585581,153.2650175,5.847782112
712,-2692,1.658432245,,,383259.7042,383.2597042,153.2572048,5.847782112
713,-2691,1.658432245,,,383885.9868,383.8859868,153.2493921,5.839969443
714,-2692,1.658432245,,,384512.2738,384.5122738,153.2415795,5.832156775
715,-2692,1.658432245,,,384913.4272,384.9134272,153.2337668,5.832156775
716,-2692,1.658432245,,,385539.7213,385.5397213,153.2259541,5.824344107
717,-2692,1.658432245,,,385940.8792,385.9408792,153.2181415,5.824344107
718,-2692,1.467471123,,,386567.1804,386.5671804,153.2103288,5.816531439
719,-2693,1.467471123,,,386968.3429,386.9683429,153.2025161,5.816531439
720,-2693,1.467471123,,,387594.6511,387.5946511,153.1947035,5.808718771
721,-2692,1.497495651,,,387995.8181,387.9958181,153.1868908,5.808718771
722,-2692,1.497495651,,,388622.1334,388.6221334,153.1790781,5.800906103
723,-2689,1.497495651,,,389248.453,389.248453,153.1712655,5.793093435
724,-2687,1.497495651,,,389649.6273,389.6496273,153.1634528,5.793093435
725,-2689,1.497495651,,,390275.954,390.275954,153.1556401,5.785280766
726,-2689,1.497495651,,,390677.1328,390.6771328,153.1478274,5.785280766
727,-2689,1.497495651,,,391303.4665,391.3034665,153.1400148,5.777468098
728,-2689,1.497495651,,,391704.6499,391.7046499,153.1322021,5.777468098
729,-2690,1.497495651,,,392330.9906,392.3309906,153.1243894,5.76965543
730,-2690,1.497495651,,,392957.3356,392.9573356,153.1165768,5.761842762
731,-2690,1.497495651,,,393358.5262,393.3585262,153.1087641,5.761842762
732,-2690,1.497495651,,,393984.8782,393.9848782,153.1009514,5.754030094
733,-2689,1.497495651,,,394386.0733,394.3860733,153.0931388,5.754030094
734,-2689,1.218426466,,,395012.4324,395.0124324,153.0853261,5.746217426
735,-2688,1.218426466,,,395413.6319,395.4136319,153.0775134,5.746217426
736,-2687,1.218426466,,,396039.9979,396.0399979,153.0697008,5.738404757
737,-2687,1.218426466,,,396441.202,396.441202,153.0618881,5.738404757
738,-2687,1.218426466,,,397067.575,397.067575,153.0540754,5.730592089
739,-2688,1.218426466,,,397693.9523,397.6939523,153.0462628,5.722779421
740,-2688,1.218426466,,,398095.1635,398.0951635,153.0384501,5.722779421
741,-2689,1.212958694,,,398721.5477,398.7215477,153.0306374,5.714966753
742,-2689,1.212958694,,,399122.7634,399.1227634,153.0228248,5.714966753
743,-2688,1.212958694,,,399749.1546,399.7491546,153.0150121,5.707154085
744,-2687,1.212958694,,,400150.3747,400.1503747,153.0071994,5.707154085
745,-2688,1.212958694,,,400776.7729,400.7767729,152.9993868,5.699341417
746,-2688,1.08018136,,,401177.9974,401.1779974,152.9915741,5.699341417
747,-2688,1.08018136,,,401804.4025,401.8044025,152.9837614,5.691528749
748,-2689,1.08018136,,,402430.8118,402.4308118,152.9759487,5.68371608
749,-2689,1.08018136,,,402832.0436,402.8320436,152.9681361,5.68371608
750,-2688,1.08018136,,,403458.4598,403.4584598,152.9603234,5.675903412
751,-2687,1.08018136,,,403859.6959,403.8596959,152.9525107,5.675903412
752,-2687,1.08018136,,,404486.1191,404.4861191,152.9446981,5.668090744
753,-2688,1.08018136,,,404887.3596,404.8873596,152.9368854,5.668090744
754,-2688,1.08018136,,,405513.7897,405.5137897,152.9290727,5.660278076
755,-2687,1.08018136,,,406140.2239,406.1402239,152.9212601,5.652465408
756,-2687,1.08018136,,,406541.4716,406.5414716,152.9134474,5.652465408
757,-2686,1.08018136,,,407167.9127,407.1679127,152.9056347,5.64465274
758,-2686,1.08018136,,,407569.1648,407.5691648,152.8978221,5.64465274
759,-2685,1.378539085,,,408195.6127,408.1956127,152.8900094,5.636840072
760,-2684,1.378539085,,,408596.8692,408.5968692,152.8821967,5.636840072
761,-2687,1.378539085,,,409223.3241,409.2233241,152.8743841,5.629027403
762,-2689,1.378539085,,,409624.5849,409.6245849,152.8665714,5.629027403
763,-2693,1.378539085,,,410251.0466,410.2510466,152.8587587,5.621214735
764,-2697,1.371947169,,,410877.5125,410.8775125,152.8509461,5.613402067
765,-2699,1.371947169,,,411278.7804,411.2787804,152.8431334,5.613402067
766,-2703,1.371947169,,,411905.2531,411.9052531,152.8353207,5.605589399
767,-2703,1.371947169,,,412306.5254,412.3065254,152.8275081,5.605589399
768,-2704,1.371947169,,,412933.0049,412.9330049,152.8196954,5.597776731
769,-2705,1.371947169,,,413334.2816,413.3342816,152.8118827,5.597776731
770,-2705,1.371947169,,,413960.7679,413.9607679,152.80407,5.589964063
771,-2705,1.371947169,,,414587.2584,414.5872584,152.7962574,5.582151394
772,-2706,1.065637827,,,414988.5421,414.9885421,152.7884447,5.582151394
773,-2705,1.065637827,,,415615.0393,415.6150393,152.780632,5.574338726
774,-2706,1.065637827,,,416016.3274,416.0163274,152.7728194,5.574338726
775,-2707,1.065637827,,,416642.8314,416.6428314,152.7650067,5.566526058
776,-2707,1.065637827,,,417044.1238,417.0441238,152.757194,5.566526058
777,-2707,1.065637827,,,417670.6346,417.6706346,152.7493814,5.55871339
778,-2707,1.065637827,,,418071.9313,418.0719313,152.7415687,5.55871339
779,-2707,1.065637827,86.706,-2793.706,418698.4489,418.6984489,152.733756,5.550900722
780,-2707,1.065637827,87.015,-2794.015,419324.9706,419.3249706,152.7259434,5.543088054
781,-2708,1.065637827,87.015,-2795.015,419726.2743,419.7262743,152.7181307,5.543088054
782,-2709,1.065637827,86.239,-2795.239,420352.8028,420.3528028,152.710318,5.535275386
783,-2708,1.065637827,86.239,-2794.239,420754.1107,420.7541107,152.7025054,5.535275386
784,-2707,1.065637827,,,421380.6459,421.3806459,152.6946927,5.527462717
785,-2707,1.365970373,,,421781.9582,421.7819582,152.68688,5.527462717
786,-2707,1.330175042,,,422408.5002,422.4085002,152.6790674,5.519650049
787,-2707,1.330175042,,,422809.8168,422.8098168,152.6712547,5.519650049
788,-2708,1.330175042,,,423436.3654,423.4363654,152.663442,5.511837381
789,-2708,1.330175042,,,424062.9181,424.0629181,152.6556294,5.504024713
790,-2709,1.330175042,30.038,-2739.038,424464.2416,424.4642416,152.6478167,5.504024713
791,-2710,1.330175042,29.007,-2739.007,425090.8011,425.0908011,152.640004,5.496212045
792,-2709,1.330175042,29.007,-2738.007,425492.1289,425.4921289,152.6321913,5.496212045
793,-2709,1.330175042,29.956,-2738.956,426118.695,426.118695,152.6243787,5.488399377
794,-2709,1.330175042,,,426520.0271,426.5200271,152.616566,5.488399377
795,-2709,1.330175042,,,427146.5999,427.1465999,152.6087533,5.480586708
796,-2709,1.330175042,,,427773.1767,427.7731767,152.6009407,5.47277404
797,-2709,1.352028847,39.323,-2748.323,428174.5157,428.1745157,152.593128,5.47277404
798,-2710,1.352028847,39.974,-2749.974,428801.0992,428.8010992,152.5853153,5.464961372
799,-2711,1.352028847,39.974,-2750.974,429202.4424,429.2024424,152.5775027,5.464961372
800,-2710,1.352028847,44.729,-2754.729,429829.0326,429.8290326,152.56969,5.457148704
801,-2710,1.352028847,44.729,-2754.729,430230.3801,430.2303801,152.5618773,5.457148704
802,-2710,1.352028847,37.048,-2747.048,430856.9769,430.8569769,152.5540647,5.449336036
803,-2710,1.352028847,37.048,-2747.048,431258.3286,431.2583286,152.546252,5.449336036
804,-2709,1.352028847,36.28,-2745.28,431884.932,431.884932,152.5384393,5.441523368
805,-2709,1.352028847,,,432511.5395,432.5115395,152.5306267,5.4337107
806,-2709,1.352028847,35.667,-2744.667,432912.8981,432.9128981,152.522814,5.4337107
807,-2708,1.352028847,36.243,-2744.243,433539.5122,433.5395122,152.5150013,5.425898031
808,-2707,1.352028847,36.243,-2743.243,433940.8749,433.9408749,152.5071887,5.425898031
809,-2708,1.531956434,36.22,-2744.22,434567.4956,434.5674956,152.499376,5.418085363
810,-2710,1.486140251,,,434968.8626,434.9688626,152.4915633,5.418085363
811,-2710,1.486140251,,,435595.4899,435.5954899,152.4837507,5.410272695
812,-2710,1.486140251,,,436222.1212,436.2221212,152.475938,5.402460027
813,-2710,1.486140251,,,436623.495,436.623495,152.4681253,5.402460027
814,-2711,1.486140251,37.49,-2748.49,437250.1329,437.2501329,152.4603126,5.394647359
815,-2711,1.486140251,37.49,-2748.49,437651.5109,437.6515109,152.4525,5.394647359
816,-2711,1.486140251,38.394,-2749.394,438278.1553,438.2781553,152.4446873,5.386834691
817,-2711,1.486140251,37.24,-2748.24,438679.5375,438.6795375,152.4368746,5.386834691
818,-2712,1.486140251,38.783,-2750.783,439306.1885,439.3061885,152.429062,5.379022023
819,-2712,1.486140251,36.061,-2748.061,439707.5749,439.7075749,152.4212493,5.379022023
820,-2711,1.486140251,,,440334.2324,440.3342324,152.4134366,5.371209354
821,-2712,1.486140251,,,440960.8939,440.9608939,152.405624,5.363396686
822,-2712,1.486140251,,,441362.2871,441.3622871,152.3978113,5.363396686
823,-2712,1.453087687,,,441988.9551,441.9889551,152.3899986,5.355584018
824,-2712,1.453087687,,,442390.3524,442.3903524,152.382186,5.355584018
825,-2712,1.453087687,,,443017.027,443.017027,152.3743733,5.34777135
826,-2712,1.453087687,38.281,-2750.281,443418.4285,443.4184285,152.3665606,5.34777135
827,-2712,1.453087687,37.496,-2749.496,444045.1095,444.0451095,152.358748,5.339958682
828,-2712,1.453087687,37.496,-2749.496,444446.5152,444.4465152,152.3509353,5.339958682
829,-2712,1.453087687,37.534,-2749.534,445073.2027,445.0732027,152.3431226,5.332146014
830,-2712,1.453087687,43.957,-2755.957,445699.8942,445.6998942,152.33531,5.324333345
831,-2712,1.453087687,,,446101.3066,446.1013066,152.3274973,5.324333345
832,-2712,1.448521852,,,446728.0046,446.7280046,152.3196846,5.316520677
833,-2712,1.448521852,,,447129.421,447.129421,152.311872,5.316520677
834,-2712,1.448521852,,,447756.1255,447.7561255,152.3040593,5.308708009
835,-2712,1.448521852,,,448157.5461,448.1575461,152.2962466,5.308708009
836,-2713,1.43363595,,,448784.257,448.784257,152.2884339,5.300895341
837,-2712,1.43363595,,,449410.9719,449.4109719,152.2806213,5.293082673
838,-2712,1.43363595,42.654,-2754.654,449812.3991,449.8123991,152.2728086,5.293082673
839,-2712,1.43363595,43.288,-2755.288,450439.1204,450.4391204,152.2649959,5.285270005
840,-2713,1.43363595,42.782,-2755.782,450840.5518,450.8405518,152.2571833,5.285270005
841,-2713,1.43363595,42.709,-2755.709,451467.2795,451.4672795,152.2493706,5.277457337
842,-2713,1.43363595,42.709,-2755.709,451868.715,451.868715,152.2415579,5.277457337
843,-2712,1.43363595,,,452495.4492,452.4954492,152.2337453,5.269644668
844,-2712,1.43363595,,,452896.8888,452.8968888,152.2259326,5.269644668
845,-2712,1.43363595,,,453523.6293,453.5236293,152.2181199,5.261832
846,-2712,1.43363595,,,454150.3738,454.1503738,152.2103073,5.254019332
847,-2712,1.43363595,,,454551.82,454.55182,152.2024946,5.254019332
848,-2712,1.43363595,,,455178.5708,455.1785708,152.1946819,5.246206664
849,-2712,1.436739683,,,455580.0211,455.5800211,152.1868693,5.246206664
850,-2712,1.436739683,,,456206.7783,456.2067783,152.1790566,5.238393996
851,-2712,1.436739683,,,456608.2327,456.6082327,152.1712439,5.238393996
852,-2712,1.436739683,,,457234.9963,457.2349963,152.1634313,5.230581328
853,-2712,1.436739683,47.651,-2759.651,457861.7638,457.8617638,152.1556186,5.222768659
854,-2712,1.436739683,47.651,-2759.651,458263.2247,458.2632247,152.1478059,5.222768659
855,-2712,1.45462501,48,-2760,458889.9985,458.8899985,152.1399933,5.214955991
856,-2712,1.45462501,48,-2760,459291.4636,459.2914636,152.1321806,5.214955991
857,-2712,1.45462501,,,459918.2437,459.9182437,152.1243679,5.207143323
858,-2712,1.45462501,,,460319.7128,460.3197128,152.1165553,5.207143323
859,-2712,1.45462501,,,460946.4993,460.9464993,152.1087426,5.199330655
860,-2712,1.45462501,44.334,-2756.334,461347.9724,461.3479724,152.1009299,5.199330655
861,-2712,1.429725528,44.334,-2756.334,461974.7652,461.9747652,152.0931172,5.191517987
862,-2712,1.429725528,44.334,-2756.334,462601.5619,462.6015619,152.0853046,5.183705319
863,-2712,1.429725528,44.334,-2756.334,463003.0416,463.0030416,152.0774919,5.183705319
864,-2712,1.429725528,92.05,-2804.05,463629.8445,463.6298445,152.0696792,5.175892651
865,-2712,1.429725528,92.05,-2804.05,464031.3282,464.0313282,152.0618666,5.175892651
866,-2712,1.429725528,90.67,-2802.67,464658.1375,464.6581375,152.0540539,5.168079982
867,-2712,1.429725528,90.67,-2802.67,465059.6252,465.0596252,152.0462412,5.168079982
868,-2713,1.429725528,,,465686.4407,465.6864407,152.0384286,5.160267314
869,-2713,1.429725528,,,466087.9325,466.0879325,152.0306159,5.160267314
870,-2713,1.429725528,,,466714.7543,466.7147543,152.0228032,5.152454646
871,-2713,1.429725528,,,467341.58,467.34158,152.0149906,5.144641978
872,-2713,1.429725528,,,467743.0781,467.7430781,152.0071779,5.144641978
873,-2713,1.429725528,,,468369.91,468.36991,151.9993652,5.13682931
874,-2713,1.394420862,,,468771.4122,468.7714122,151.9915526,5.13682931
875,-2713,1.394420862,,,469398.2504,469.3982504,151.9837399,5.129016642
876,-2712,1.394420862,,,469799.7566,469.7997566,151.9759272,5.129016642
877,-2712,1.394420862,,,470426.601,470.426601,151.9681146,5.121203974
878,-2712,1.38228929,,,471053.4492,471.0534492,151.9603019,5.113391305
879,-2712,1.38228929,,,471454.9618,471.4549618,151.9524892,5.113391305
880,-2711,1.38228929,,,472081.8162,472.0818162,151.9446766,5.105578637
881,-2710,1.38228929,,,472483.3328,472.4833328,151.9368639,5.105578637
882,-2710,1.38228929,,,473110.1934,473.1101934,151.9290512,5.097765969
883,-2710,1.38228929,,,473511.714,473.511714,151.9212385,5.097765969
884,-2710,1.38228929,,,474138.5808,474.1385808,151.9134259,5.089953301
885,-2709,1.38228929,,,474540.1053,474.5401053,151.9056132,5.089953301
886,-2708,1.38228929,,,475166.9783,475.1669783,151.8978005,5.082140633
887,-2705,1.356646657,,,475793.8551,475.7938551,151.8899879,5.074327965
888,-2704,1.356646657,,,476195.386,476.195386,151.8821752,5.074327965
889,-2702,1.356646657,,,476822.269,476.822269,151.8743625,5.066515296
890,-2701,1.356646657,,,477223.8038,477.2238038,151.8665499,5.066515296
891,-2702,1.356646657,,,477850.6929,477.8506929,151.8587372,5.058702628
892,-2702,1.356646657,,,478252.2317,478.2522317,151.8509245,5.058702628
893,-2702,1.356646657,,,478879.127,478.879127,151.8431119,5.05088996
894,-2701,1.356646657,,,479506.026,479.506026,151.8352992,5.043077292
895,-2701,1.356646657,,,479907.5711,479.9075711,151.8274865,5.043077292
896,-2700,1.356646657,,,480534.4763,480.5344763,151.8196739,5.035264624
897,-2701,1.356646657,,,480936.0253,480.9360253,151.8118612,5.035264624
898,-2700,1.356646657,,,481562.9366,481.5629366,151.8040485,5.027451956
899,-2701,1.356646657,,,481964.4896,481.9644896,151.7962359,5.027451956
900,-2699,1.213822365,,,482591.4069,482.5914069,151.7884232,5.019639288
901,-2699,1.213822365,,,482992.9638,482.9929638,151.7806105,5.019639288
902,-2701,1.213822365,,,483619.8873,483.6198873,151.7727979,5.011826619
903,-2704,1.213822365,,,484246.8145,484.2468145,151.7649852,5.004013951
904,-2704,1.213822365,,,484648.3777,484.6483777,151.7571725,5.004013951
905,-2707,1.213822365,53.396,-2760.396,485275.311,485.275311,151.7493598,4.996201283
906,-2706,1.213822365,41.801,-2747.801,485676.878,485.676878,151.7415472,4.996201283
907,-2707,1.213822365,40.631,-2747.631,486303.8174,486.3038174,151.7337345,4.988388615
908,-2702,1.213822365,40.631,-2742.631,486705.3883,486.7053883,151.7259218,4.988388615
909,-2703,1.213822365,40.631,-2743.631,487332.3338,487.3323338,151.7181092,4.980575947
910,-2703,1.213822365,,,487733.9086,487.7339086,151.7102965,4.980575947
911,-2707,1.213822365,41.995,-2748.995,488360.8601,488.3608601,151.7024838,4.972763279
912,-2709,1.060131669,40.586,-2749.586,488987.8153,488.9878153,151.6946712,4.96495061
913,-2708,1.060131669,40.311,-2748.311,489389.3963,489.3893963,151.6868585,4.96495061
914,-2711,1.060131669,39.404,-2750.404,490016.3575,490.0163575,151.6790458,4.957137942
915,-2711,1.060131669,,,490417.9425,490.4179425,151.6712332,4.957137942
916,-2713,1.060131669,,,491044.9097,491.0449097,151.6634205,4.949325274
917,-2713,1.060131669,,,491446.4985,491.4464985,151.6556078,4.949325274
918,-2713,1.060131669,,,492073.4717,492.0734717,151.6477952,4.941512606
919,-2713,1.060131669,,,492700.4487,492.7004487,151.6399825,4.933699938
920,-2713,1.060131669,,,493102.0436,493.1020436,151.6321698,4.933699938
921,-2713,1.060131669,,,493729.0265,493.7290265,151.6243572,4.92588727
922,-2713,1.060131669,,,494130.6254,494.1306254,151.6165445,4.92588727
923,-2713,0.937490284,,,494757.6143,494.7576143,151.6087318,4.918074602
924,-2713,0.937490284,,,495159.2169,495.1592169,151.6009192,4.918074602
925,-2713,1.110574126,,,495786.2118,495.7862118,151.5931065,4.910261933
926,-2713,1.110574126,,,496187.8183,496.1878183,151.5852938,4.910261933
927,-2713,1.110574126,,,496814.8192,496.8148192,151.5774811,4.902449265
928,-2713,1.110574126,,,497441.8236,497.4418236,151.5696685,4.894636597
929,-2713,1.110574126,,,497843.4363,497.8434363,151.5618558,4.894636597
930,-2713,1.110574126,,,498470.4467,498.4704467,151.5540431,4.886823929
931,-2713,1.110574126,47.044,-2760.044,498872.0631,498.8720631,151.5462305,4.886823929
932,-2713,1.110574126,46.988,-2759.988,499499.0795,499.4990795,151.5384178,4.879011261
933,-2713,1.110574126,47.244,-2760.244,499900.6998,499.9006998,151.5306051,4.879011261
934,-2713,1.110574126,47.321,-2760.321,500527.7221,500.5277221,151.5227925,4.871198593
935,-2712,1.110574126,,,500929.3461,500.9293461,151.5149798,4.871198593
936,-2712,1.110574126,,,501556.3743,501.5563743,151.5071671,4.863385925
937,-2712,1.110574126,,,502183.4062,502.1834062,151.4993545,4.855573256
938,-2712,1.161306143,,,502585.0363,502.5850363,151.4915418,4.855573256
939,-2712,1.161306143,,,503212.0741,503.2120741,151.4837291,4.847760588
940,-2713,1.161306143,,,503613.708,503.613708,151.4759165,4.847760588
941,-2713,1.161306143,,,504240.7516,504.2407516,151.4681038,4.83994792
942,-2713,1.161306143,42.15,-2755.15,504642.3893,504.6423893,151.4602911,4.83994792
943,-2713,1.161306143,42.769,-2755.769,505269.4388,505.2694388,151.4524785,4.832135252
944,-2711,1.161306143,42.351,-2753.351,505896.4919,505.8964919,151.4446658,4.824322584
945,-2711,1.161306143,42.351,-2753.351,506298.1356,506.2981356,151.4368531,4.824322584
946,-2712,1.170715451,42.611,-2754.611,506925.1946,506.9251946,151.4290405,4.816509916
947,-2712,1.170715451,,,507326.8421,507.3268421,151.4212278,4.816509916
948,-2712,1.170715451,,,507953.9069,507.9539069,151.4134151,4.808697247
949,-2712,1.170715451,,,508355.5582,508.3555582,151.4056024,4.808697247
950,-2713,1.170715451,,,508982.6288,508.9826288,151.3977898,4.800884579
951,-2713,1.252745152,,,509384.2838,509.3842838,151.3899771,4.800884579
952,-2713,1.252745152,,,510011.3603,510.0113603,151.3821644,4.793071911
953,-2712,1.252745152,,,510638.4404,510.6384404,151.3743518,4.785259243
954,-2712,1.252745152,,,511040.1014,511.0401014,151.3665391,4.785259243
955,-2712,1.252745152,,,511667.1872,511.6671872,151.3587264,4.777446575
956,-2712,1.252745152,46.832,-2758.832,512068.8519,512.0688519,151.3509138,4.777446575
957,-2712,1.252745152,44.469,-2756.469,512695.9436,512.6959436,151.3431011,4.769633907
958,-2712,1.252745152,53.413,-2765.413,513097.6121,513.0976121,151.3352884,4.769633907
959,-2711,1.252745152,53.902,-2764.902,513724.7095,513.7247095,151.3274758,4.761821239
960,-2712,1.252745152,,,514351.8106,514.3518106,151.3196631,4.75400857
961,-2713,1.252745152,,,514753.4849,514.7534849,151.3118504,4.75400857
962,-2713,1.252745152,,,515380.5917,515.3805917,151.3040378,4.746195902
963,-2713,1.252745152,,,515782.2698,515.7822698,151.2962251,4.746195902
964,-2712,1.302888989,,,516409.3824,516.4093824,151.2884124,4.738383234
965,-2711,1.302888989,,,516811.0642,516.8110642,151.2805998,4.738383234
966,-2710,1.302888989,,,517438.1825,517.4381825,151.2727871,4.730570566
967,-2710,1.302888989,,,517839.868,517.839868,151.2649744,4.730570566
968,-2710,1.302888989,,,518466.992,518.466992,151.2571618,4.722757898
969,-2710,1.278017521,,,519094.1196,519.0941196,151.2493491,4.71494523
970,-2711,1.278017521,,,519495.811,519.495811,151.2415364,4.71494523
971,-2712,1.278017521,,,520122.9443,520.1229443,151.2337237,4.707132561
972,-2712,1.278017521,,,520524.6394,520.5246394,151.2259111,4.707132561
973,-2712,1.278017521,,,521151.7784,521.1517784,151.2180984,4.699319893
974,-2713,1.278017521,,,521553.4771,521.5534771,151.2102857,4.699319893
975,-2714,1.278017521,,,522180.6219,522.1806219,151.2024731,4.691507225
976,-2713,1.336369038,,,522582.3242,522.5823242,151.1946604,4.691507225
977,-2712,1.336369038,,,523209.4747,523.2094747,151.1868477,4.683694557
978,-2705,1.336369038,,,523836.6286,523.8366286,151.1790351,4.675881889
979,-2706,1.336369038,,,524238.3368,524.2383368,151.1712224,4.675881889
980,-2712,1.336369038,,,524865.4964,524.8654964,151.1634097,4.668069221
981,-2712,1.336369038,,,525267.2083,525.2672083,151.1555971,4.668069221
982,-2712,1.336369038,,,525894.3736,525.8943736,151.1477844,4.660256553
983,-2711,1.336369038,,,526296.0891,526.2960891,151.1399717,4.660256553
984,-2711,1.336369038,,,526923.26,526.92326,151.1321591,4.652443884
985,-2711,1.336369038,,,527550.4344,527.5504344,151.1243464,4.644631216
986,-2711,1.336369038,,,527952.1558,527.9521558,151.1165337,4.644631216
987,-2711,1.336369038,,,528579.3358,528.5793358,151.1087211,4.636818548
988,-2711,1.336369038,,,528981.0608,528.9810608,151.1009084,4.636818548
989,-2711,1.380428314,,,529608.2464,529.6082464,151.0930957,4.62900588
990,-2711,1.380428314,,,530009.975,530.009975,151.0852831,4.62900588
991,-2711,1.380428314,,,530637.1663,530.6371663,151.0774704,4.621193212
992,-2711,1.380428314,,,531038.8985,531.0388985,151.0696577,4.621193212
993,-2711,1.378855944,,,531666.0954,531.6660954,151.061845,4.613380544
994,-2711,1.378855944,,,532293.2957,532.2932957,151.0540324,4.605567876
995,-2712,1.378855944,,,532695.0336,532.6950336,151.0462197,4.605567876
996,-2713,1.378855944,,,533322.2396,533.3222396,151.038407,4.597755207
997,-2713,1.378855944,,,533723.9811,533.7239811,151.0305944,4.597755207
998,-2714,1.378855944,,,534351.1926,534.3511926,151.0227817,4.589942539
999,-2714,1.378855944,,,534752.9377,534.7529377,151.014969,4.589942539
1000,-2712,1.378855944,,,535380.1548,535.3801548,151.0071564,4.582129871
1001,-2711,1.378855944,,,536007.3753,536.0073753,150.9993437,4.574317203
1002,-2710,1.370718956,,,536409.1261,536.4091261,150.991531,4.574317203
1003,-2710,1.370718956,,,537036.3522,537.0363522,150.9837184,4.566504535
1004,-2710,1.370718956,,,537438.1066,537.4381066,150.9759057,4.566504535
1005,-2711,1.370718956,,,538065.3382,538.0653382,150.968093,4.558691867
1006,-2711,1.370718956,,,538467.0962,538.4670962,150.9602804,4.558691867
1007,-2711,1.370718956,,,539094.3333,539.0943333,150.9524677,4.550879198
1008,-2711,1.370718956,,,539496.0948,539.4960948,150.944655,4.550879198
1009,-2710,1.370718956,,,540123.3375,540.1233375,150.9368424,4.54306653
1010,-2710,1.370718956,,,540123.3375,540.1233375,150.9368424,4.54306653
